BEGIN TRANSACTION;
CREATE TABLE IF NOT EXISTS "backup_config" (
	"id"	INTEGER CHECK("id" = 1),
	"enabled"	BOOLEAN NOT NULL DEFAULT 0,
	"interval_value"	INTEGER NOT NULL DEFAULT 24,
	"interval_unit"	TEXT NOT NULL DEFAULT 'hours',
	"last_backup"	TEXT,
	"updated_at"	TEXT DEFAULT CURRENT_TIMESTAMP,
	PRIMARY KEY("id")
);
CREATE TABLE IF NOT EXISTS "bitacora_acciones" (
	"id"	INTEGER,
	"usuario_id"	INT NOT NULL,
	"accion"	VARCHAR(255) NOT NULL,
	"detalles"	TEXT,
	"fecha"	DATETIME DEFAULT CURRENT_DATETIME,
	PRIMARY KEY("id" AUTOINCREMENT),
	FOREIGN KEY("usuario_id") REFERENCES "usuarios"("id")
);
CREATE TABLE IF NOT EXISTS "categorias" (
	"id_categoria"	INTEGER,
	"nombre_categoria"	varchar(100) NOT NULL UNIQUE,
	"descripcion"	TEXT,
	"fecha_creacion"	TIMESTAMP DEFAULT CURRENT_TIMESTAMP,
	"fecha_actualizacion"	TIMESTAMP DEFAULT CURRENT_TIMESTAMP,
	PRIMARY KEY("id_categoria" AUTOINCREMENT)
);
CREATE TABLE IF NOT EXISTS "error_reports" (
	"id"	INTEGER,
	"usuario_id"	INT NOT NULL,
	"modulo"	VARCHAR(100) NOT NULL,
	"accion"	TEXT NOT NULL,
	"descripcion"	TEXT NOT NULL,
	"estado"	VARCHAR(20) DEFAULT 'pendiente',
	"fecha_reporte"	DATETIME DEFAULT CURRENT_TIMESTAMP,
	"fecha_resuelto"	DATETIME,
	"notas_resolucion"	TEXT,
	"tipo"	VARCHAR(20) DEFAULT 'manual',
	PRIMARY KEY("id" AUTOINCREMENT),
	FOREIGN KEY("usuario_id") REFERENCES "usuarios"("id")
);
CREATE TABLE IF NOT EXISTS "factura_detalles" (
	"id"	INTEGER,
	"factura_id"	INT NOT NULL,
	"producto_id"	INT NOT NULL,
	"cantidad"	INT NOT NULL,
	"precio_unitario_usd"	REAL NOT NULL,
	"subtotal_usd"	REAL NOT NULL,
	"nombre_producto"	TEXT,
	"descripcion_producto"	TEXT,
	"categoria_producto"	TEXT,
	"barcode_producto"	TEXT,
	PRIMARY KEY("id" AUTOINCREMENT),
	FOREIGN KEY("factura_id") REFERENCES "facturas"("id"),
	FOREIGN KEY("producto_id") REFERENCES "productos"("id")
);
CREATE TABLE IF NOT EXISTS "facturas" (
	"id"	INTEGER,
	"usuario_id"	INT NOT NULL,
	"tasa_id"	INT NOT NULL,
	"total_usd"	REAL NOT NULL,
	"total_ves"	REAL NOT NULL,
	"fecha_factura"	DATETIME DEFAULT CURRENT_TIMESTAMP,
	"estado"	VARCHAR(20) NOT NULL DEFAULT 'Completada',
	"ticket_impreso"	BOOLEAN DEFAULT 0,
	PRIMARY KEY("id" AUTOINCREMENT),
	FOREIGN KEY("tasa_id") REFERENCES "tasas_de_cambio"("id"),
	FOREIGN KEY("usuario_id") REFERENCES "usuarios"("id")
);
CREATE TABLE IF NOT EXISTS "permissions" (
	"id"	INTEGER,
	"name"	TEXT NOT NULL UNIQUE,
	"description"	TEXT,
	PRIMARY KEY("id" AUTOINCREMENT)
);
CREATE TABLE IF NOT EXISTS "preguntas_seguridad" (
	"id"	INTEGER,
	"pregunta"	TEXT NOT NULL UNIQUE,
	PRIMARY KEY("id" AUTOINCREMENT)
);
CREATE TABLE IF NOT EXISTS "productos" (
	"id"	INTEGER,
	"nombre"	VARCHAR(150) NOT NULL,
	"descripcion"	TEXT,
	"precio_costo"	REAL NOT NULL,
	"precio_venta"	REAL NOT NULL,
	"categoria"	VARCHAR(100),
	"image_url"	TEXT,
	"fecha_creacion"	DATETIME DEFAULT CURRENT_DATETIME,
	"fecha_actualizacion"	DATETIME DEFAULT CURRENT_DATETIME,
	"barcode"	VARCHAR(255) UNIQUE,
	PRIMARY KEY("id" AUTOINCREMENT)
);
CREATE TABLE IF NOT EXISTS "respuestas_seguridad_usuario" (
	"id"	INTEGER,
	"usuario_id"	INTEGER NOT NULL,
	"pregunta_id"	INTEGER NOT NULL,
	"respuesta"	TEXT NOT NULL,
	PRIMARY KEY("id" AUTOINCREMENT),
	FOREIGN KEY("pregunta_id") REFERENCES "preguntas_seguridad"("id"),
	FOREIGN KEY("usuario_id") REFERENCES "usuarios"("id") ON DELETE CASCADE
);
CREATE TABLE IF NOT EXISTS "rol_permisos" (
	"rol_id"	INTEGER NOT NULL,
	"permission_id"	INTEGER NOT NULL,
	PRIMARY KEY("rol_id","permission_id"),
	FOREIGN KEY("permission_id") REFERENCES "permissions"("id") ON DELETE CASCADE,
	FOREIGN KEY("rol_id") REFERENCES "roles"("id") ON DELETE CASCADE
);
CREATE TABLE IF NOT EXISTS "roles" (
	"id"	INTEGER,
	"nombre"	VARCHAR(50) NOT NULL UNIQUE,
	PRIMARY KEY("id" AUTOINCREMENT)
);
CREATE TABLE IF NOT EXISTS "tasas_de_cambio" (
	"id"	INTEGER,
	"tasa"	REAL NOT NULL,
	"fecha"	DATE NOT NULL,
	"fecha_hora"	DATETIME NOT NULL DEFAULT CURRENT_TIMESTAMP,
	PRIMARY KEY("id" AUTOINCREMENT)
);
CREATE TABLE IF NOT EXISTS "usuarios" (
	"id"	INTEGER,
	"rol_id"	INT NOT NULL,
	"nombre_completo"	VARCHAR(100) NOT NULL,
	"cedula"	VARCHAR(11) NOT NULL UNIQUE,
	"contrasena"	VARCHAR(50) NOT NULL,
	"fecha_creacion"	DATETIME DEFAULT CURRENT_DATETIME,
	"fecha_actualizacion"	DATETIME DEFAULT CURRENT_DATETIME,
	"telefono"	VARCHAR(11) NOT NULL UNIQUE,
	"nombre_usuario"	VARCHAR(50) NOT NULL,
	PRIMARY KEY("id" AUTOINCREMENT),
	FOREIGN KEY("rol_id") REFERENCES "roles"("id")
);
INSERT INTO "backup_config" VALUES (1,0,6,'hours','2025-12-07T23:38:28.239Z','2025-12-07T23:38:28.239Z');
INSERT INTO "bitacora_acciones" VALUES (10,1,'Inicio de Sesión','{"username":"admin"}','2025-12-02T01:53:32.209Z');
INSERT INTO "bitacora_acciones" VALUES (11,1,'Inicio de Sesión','{"username":"admin"}','2025-12-02T01:53:57.996Z');
INSERT INTO "bitacora_acciones" VALUES (12,1,'Inicio de Sesión','{"username":"admin"}','2025-12-02T02:14:31.145Z');
INSERT INTO "bitacora_acciones" VALUES (13,1,'Inicio de Sesión','{"username":"admin"}','2025-12-02T02:15:32.850Z');
INSERT INTO "bitacora_acciones" VALUES (14,1,'Inicio de Sesión','{"username":"admin"}','2025-12-02T02:23:40.245Z');
INSERT INTO "bitacora_acciones" VALUES (15,1,'Inicio de Sesión','{"username":"admin"}','2025-12-02T02:39:06.045Z');
INSERT INTO "bitacora_acciones" VALUES (16,1,'Inicio de Sesión','{"username":"admin"}','2025-12-02T02:41:56.195Z');
INSERT INTO "bitacora_acciones" VALUES (17,1,'Inicio de Sesión','{"username":"admin"}','2025-12-02T14:32:29.556Z');
INSERT INTO "bitacora_acciones" VALUES (18,1,'Inicio de Sesión','{"username":"admin"}','2025-12-02T14:38:32.085Z');
INSERT INTO "bitacora_acciones" VALUES (19,1,'Inicio de Sesión','{"username":"admin"}','2025-12-02T14:41:50.917Z');
INSERT INTO "bitacora_acciones" VALUES (20,1,'Inicio de Sesión','{"username":"admin"}','2025-12-02T14:47:56.089Z');
INSERT INTO "bitacora_acciones" VALUES (21,1,'Inicio de Sesión','{"username":"admin"}','2025-12-02T14:49:21.441Z');
INSERT INTO "bitacora_acciones" VALUES (22,5,'Inicio de Sesión','{"username":"pepe123"}','2025-12-02T14:49:34.845Z');
INSERT INTO "bitacora_acciones" VALUES (23,1,'Inicio de Sesión','{"username":"admin"}','2025-12-02T14:49:44.915Z');
INSERT INTO "bitacora_acciones" VALUES (24,1,'Inicio de Sesión','{"username":"admin"}','2025-12-02T14:58:27.852Z');
INSERT INTO "bitacora_acciones" VALUES (25,1,'Inicio de Sesión','{"username":"admin"}','2025-12-02T15:12:53.651Z');
INSERT INTO "bitacora_acciones" VALUES (26,1,'Inicio de Sesión','{"username":"admin"}','2025-12-02T15:22:30.988Z');
INSERT INTO "bitacora_acciones" VALUES (27,1,'Inicio de Sesión','{"username":"admin"}','2025-12-02T16:41:55.084Z');
INSERT INTO "bitacora_acciones" VALUES (28,1,'Categoría Creada','{"newCategoryId":6,"name":"aa2-"}','2025-12-02T20:02:16.920Z');
INSERT INTO "bitacora_acciones" VALUES (29,1,'Categoría Eliminada','{"deletedCategoryId":"6"}','2025-12-02T20:02:20.525Z');
INSERT INTO "bitacora_acciones" VALUES (30,1,'Inicio de Sesión','{"username":"admin"}','2025-12-02T20:10:50.435Z');
INSERT INTO "bitacora_acciones" VALUES (31,1,'Inicio de Sesión','{"username":"admin"}','2025-12-02T20:55:15.547Z');
INSERT INTO "bitacora_acciones" VALUES (32,1,'Inicio de Sesión','{"username":"admin"}','2025-12-02T21:06:16.472Z');
INSERT INTO "bitacora_acciones" VALUES (33,1,'Inicio de Sesión','{"username":"admin"}','2025-12-02T21:13:10.029Z');
INSERT INTO "bitacora_acciones" VALUES (34,1,'Inicio de Sesión','{"username":"admin"}','2025-12-02T21:19:30.659Z');
INSERT INTO "bitacora_acciones" VALUES (35,1,'Inicio de Sesión','{"username":"admin"}','2025-12-02T21:26:19.719Z');
INSERT INTO "bitacora_acciones" VALUES (36,1,'Inicio de Sesión','{"username":"admin"}','2025-12-02T21:32:30.824Z');
INSERT INTO "bitacora_acciones" VALUES (37,1,'Rol Actualizado','{"updatedRoleId":"3","name":"Prueba"}','2025-12-02T21:32:53.001Z');
INSERT INTO "bitacora_acciones" VALUES (38,1,'Inicio de Sesión','{"username":"admin"}','2025-12-02T21:44:39.651Z');
INSERT INTO "bitacora_acciones" VALUES (39,1,'Inicio de Sesión','{"username":"admin"}','2025-12-02T21:56:06.537Z');
INSERT INTO "bitacora_acciones" VALUES (40,1,'Inicio de Sesión','{"username":"admin"}','2025-12-02T22:00:35.066Z');
INSERT INTO "bitacora_acciones" VALUES (41,1,'Inicio de Sesión','{"username":"admin"}','2025-12-02T22:05:37.896Z');
INSERT INTO "bitacora_acciones" VALUES (42,1,'Inicio de Sesión','{"username":"admin"}','2025-12-02T22:14:15.368Z');
INSERT INTO "bitacora_acciones" VALUES (43,1,'Inicio de Sesión','{"username":"admin"}','2025-12-02T22:14:32.608Z');
INSERT INTO "bitacora_acciones" VALUES (44,1,'Configuración de Backup Actualizada','{"enabled":true,"interval_value":3,"interval_unit":"minutes"}','2025-12-02T22:17:49.661Z');
INSERT INTO "bitacora_acciones" VALUES (45,1,'Backup Creado (auto (inicial))','{"filename":"backup-2025-12-02T22-17-50-171Z.db","type":"auto (inicial)"}','2025-12-02T22:17:50.194Z');
INSERT INTO "bitacora_acciones" VALUES (46,1,'Configuración de Backup Actualizada','{"enabled":true,"interval_value":3,"interval_unit":"minutes"}','2025-12-02T22:17:55.512Z');
INSERT INTO "bitacora_acciones" VALUES (47,1,'Backup Creado (auto (inicial))','{"filename":"backup-2025-12-02T22-17-56-021Z.db","type":"auto (inicial)"}','2025-12-02T22:17:56.043Z');
INSERT INTO "bitacora_acciones" VALUES (48,1,'Backup Creado (auto)','{"filename":"backup-2025-12-02T22-20-56-032Z.db","type":"auto"}','2025-12-02T22:20:56.053Z');
INSERT INTO "bitacora_acciones" VALUES (49,1,'Backup Creado (auto)','{"filename":"backup-2025-12-02T22-23-56-037Z.db","type":"auto"}','2025-12-02T22:23:56.068Z');
INSERT INTO "bitacora_acciones" VALUES (50,1,'Backup Creado (auto)','{"filename":"backup-2025-12-02T22-26-56-046Z.db","type":"auto"}','2025-12-02T22:26:56.072Z');
INSERT INTO "bitacora_acciones" VALUES (51,1,'Backup Creado (auto)','{"filename":"backup-2025-12-02T22-29-56-050Z.db","type":"auto"}','2025-12-02T22:29:56.081Z');
INSERT INTO "bitacora_acciones" VALUES (52,1,'Backup Creado (auto)','{"filename":"backup-2025-12-02T22-32-56-054Z.db","type":"auto"}','2025-12-02T22:32:56.075Z');
INSERT INTO "bitacora_acciones" VALUES (53,1,'Backup Creado (auto)','{"filename":"backup-2025-12-02T22-35-56-056Z.db","type":"auto"}','2025-12-02T22:35:56.079Z');
INSERT INTO "bitacora_acciones" VALUES (54,1,'Backup Creado (auto)','{"filename":"backup-2025-12-02T22-38-56-057Z.db","type":"auto"}','2025-12-02T22:38:56.079Z');
INSERT INTO "bitacora_acciones" VALUES (55,1,'Backup Creado (auto)','{"filename":"backup-2025-12-02T22-41-56-060Z.db","type":"auto"}','2025-12-02T22:41:56.082Z');
INSERT INTO "bitacora_acciones" VALUES (56,1,'Backup Creado (auto)','{"filename":"backup-2025-12-02T22-44-56-066Z.db","type":"auto"}','2025-12-02T22:44:56.088Z');
INSERT INTO "bitacora_acciones" VALUES (57,1,'Backup Creado (auto)','{"filename":"backup-2025-12-02T22-47-56-078Z.db","type":"auto"}','2025-12-02T22:47:56.116Z');
INSERT INTO "bitacora_acciones" VALUES (58,1,'Backup Creado (auto)','{"filename":"backup-2025-12-02T22-50-56-087Z.db","type":"auto"}','2025-12-02T22:50:56.108Z');
INSERT INTO "bitacora_acciones" VALUES (59,1,'Backup Creado (auto)','{"filename":"backup-2025-12-02T22-53-56-095Z.db","type":"auto"}','2025-12-02T22:53:56.123Z');
INSERT INTO "bitacora_acciones" VALUES (60,1,'Backup Creado (auto)','{"filename":"backup-2025-12-02T22-56-56-179Z.db","type":"auto"}','2025-12-02T22:56:56.304Z');
INSERT INTO "bitacora_acciones" VALUES (61,1,'Inicio de Sesión','{"username":"admin"}','2025-12-02T22:59:50.744Z');
INSERT INTO "bitacora_acciones" VALUES (62,1,'Backup Creado (auto (inicial))','{"filename":"backup-2025-12-02T22-59-52-372Z.db","type":"auto (inicial)"}','2025-12-02T22:59:52.398Z');
INSERT INTO "bitacora_acciones" VALUES (63,1,'Configuración de Backup Actualizada','{"enabled":true,"interval_value":12,"interval_unit":"hours"}','2025-12-02T23:01:22.344Z');
INSERT INTO "bitacora_acciones" VALUES (64,1,'Backup Creado (auto (inicial))','{"filename":"backup-2025-12-02T23-01-22-848Z.db","type":"auto (inicial)"}','2025-12-02T23:01:23.246Z');
INSERT INTO "bitacora_acciones" VALUES (65,1,'Backup Creado (auto (inicial))','{"filename":"backup-2025-12-02T23-49-41-782Z.db","type":"auto (inicial)"}','2025-12-02T23:49:41.805Z');
INSERT INTO "bitacora_acciones" VALUES (66,1,'Inicio de Sesión','{"username":"admin"}','2025-12-02T23:49:42.970Z');
INSERT INTO "bitacora_acciones" VALUES (67,1,'Configuración de Backup Actualizada','{"enabled":true,"interval_value":6,"interval_unit":"hours"}','2025-12-02T23:50:46.460Z');
INSERT INTO "bitacora_acciones" VALUES (68,1,'Backup Creado (auto (inicial))','{"filename":"backup-2025-12-02T23-50-46-961Z.db","type":"auto (inicial)"}','2025-12-02T23:50:46.983Z');
INSERT INTO "bitacora_acciones" VALUES (69,1,'Backup Creado (auto (inicial))','{"filename":"backup-2025-12-02T23-54-56-834Z.db","type":"auto (inicial)"}','2025-12-02T23:54:56.859Z');
INSERT INTO "bitacora_acciones" VALUES (70,1,'Inicio de Sesión','{"username":"admin"}','2025-12-02T23:54:57.627Z');
INSERT INTO "bitacora_acciones" VALUES (71,1,'Backup Creado (auto (inicial))','{"filename":"backup-2025-12-02T23-55-29-491Z.db","type":"auto (inicial)"}','2025-12-02T23:55:29.515Z');
INSERT INTO "bitacora_acciones" VALUES (72,1,'Inicio de Sesión','{"username":"admin"}','2025-12-02T23:55:30.749Z');
INSERT INTO "bitacora_acciones" VALUES (73,1,'Backup Creado (auto (inicial))','{"filename":"backup-2025-12-02T23-58-47-859Z.db","type":"auto (inicial)"}','2025-12-02T23:58:47.887Z');
INSERT INTO "bitacora_acciones" VALUES (74,1,'Inicio de Sesión','{"username":"admin"}','2025-12-02T23:58:48.864Z');
INSERT INTO "bitacora_acciones" VALUES (75,1,'Backup Creado (auto (inicial))','{"filename":"backup-2025-12-02T23-59-20-205Z.db","type":"auto (inicial)"}','2025-12-02T23:59:20.227Z');
INSERT INTO "bitacora_acciones" VALUES (76,1,'Inicio de Sesión','{"username":"admin"}','2025-12-02T23:59:20.506Z');
INSERT INTO "bitacora_acciones" VALUES (77,1,'Backup Creado (auto (inicial))','{"filename":"backup-2025-12-02T23-59-54-651Z.db","type":"auto (inicial)"}','2025-12-02T23:59:54.693Z');
INSERT INTO "bitacora_acciones" VALUES (78,1,'Inicio de Sesión','{"username":"admin"}','2025-12-02T23:59:55.525Z');
INSERT INTO "bitacora_acciones" VALUES (79,1,'Backup Creado (auto (inicial))','{"filename":"backup-2025-12-03T00-00-18-142Z.db","type":"auto (inicial)"}','2025-12-03T00:00:18.167Z');
INSERT INTO "bitacora_acciones" VALUES (80,1,'Inicio de Sesión','{"username":"admin"}','2025-12-03T00:00:20.363Z');
INSERT INTO "bitacora_acciones" VALUES (81,1,'Backup Creado (auto (inicial))','{"filename":"backup-2025-12-03T00-01-00-309Z.db","type":"auto (inicial)"}','2025-12-03T00:01:00.331Z');
INSERT INTO "bitacora_acciones" VALUES (82,1,'Inicio de Sesión','{"username":"admin"}','2025-12-03T00:01:02.617Z');
INSERT INTO "bitacora_acciones" VALUES (83,1,'Backup Creado (auto (inicial))','{"filename":"backup-2025-12-03T00-01-46-935Z.db","type":"auto (inicial)"}','2025-12-03T00:01:46.956Z');
INSERT INTO "bitacora_acciones" VALUES (84,1,'Inicio de Sesión','{"username":"admin"}','2025-12-03T00:01:47.387Z');
INSERT INTO "bitacora_acciones" VALUES (85,1,'Backup Creado (auto (inicial))','{"filename":"backup-2025-12-03T00-06-08-260Z.db","type":"auto (inicial)"}','2025-12-03T00:06:08.282Z');
INSERT INTO "bitacora_acciones" VALUES (86,1,'Inicio de Sesión','{"username":"admin"}','2025-12-03T00:06:09.609Z');
INSERT INTO "bitacora_acciones" VALUES (87,1,'Backup Creado (auto (inicial))','{"filename":"backup-2025-12-03T00-08-06-705Z.db","type":"auto (inicial)"}','2025-12-03T00:08:06.734Z');
INSERT INTO "bitacora_acciones" VALUES (88,1,'Inicio de Sesión','{"username":"admin"}','2025-12-03T00:08:08.105Z');
INSERT INTO "bitacora_acciones" VALUES (89,1,'Backup Creado (auto (inicial))','{"filename":"backup-2025-12-03T00-17-06-231Z.db","type":"auto (inicial)"}','2025-12-03T00:17:06.253Z');
INSERT INTO "bitacora_acciones" VALUES (90,1,'Inicio de Sesión','{"username":"admin"}','2025-12-03T00:17:07.878Z');
INSERT INTO "bitacora_acciones" VALUES (91,1,'Backup Creado (auto (inicial))','{"filename":"backup-2025-12-03T00-19-09-224Z.db","type":"auto (inicial)"}','2025-12-03T00:19:09.250Z');
INSERT INTO "bitacora_acciones" VALUES (92,1,'Inicio de Sesión','{"username":"admin"}','2025-12-03T00:19:09.550Z');
INSERT INTO "bitacora_acciones" VALUES (93,1,'Backup Creado (auto (inicial))','{"filename":"backup-2025-12-03T02-11-42-495Z.db","type":"auto (inicial)"}','2025-12-03T02:11:42.569Z');
INSERT INTO "bitacora_acciones" VALUES (94,1,'Inicio de Sesión','{"username":"admin"}','2025-12-03T02:12:26.937Z');
INSERT INTO "bitacora_acciones" VALUES (95,1,'Backup Creado (auto (inicial))','{"filename":"backup-2025-12-03T02-12-57-816Z.db","type":"auto (inicial)"}','2025-12-03T02:12:57.837Z');
INSERT INTO "bitacora_acciones" VALUES (96,1,'Inicio de Sesión','{"username":"admin"}','2025-12-03T02:12:58.361Z');
INSERT INTO "bitacora_acciones" VALUES (97,1,'Backup Creado (auto (inicial))','{"filename":"backup-2025-12-03T02-13-26-458Z.db","type":"auto (inicial)"}','2025-12-03T02:13:26.481Z');
INSERT INTO "bitacora_acciones" VALUES (98,1,'Inicio de Sesión','{"username":"admin"}','2025-12-03T02:13:27.157Z');
INSERT INTO "bitacora_acciones" VALUES (99,1,'Backup Creado (auto (inicial))','{"filename":"backup-2025-12-03T02-14-06-198Z.db","type":"auto (inicial)"}','2025-12-03T02:14:06.223Z');
INSERT INTO "bitacora_acciones" VALUES (100,1,'Inicio de Sesión','{"username":"admin"}','2025-12-03T02:14:06.397Z');
INSERT INTO "bitacora_acciones" VALUES (101,1,'Inicio de Sesión','{"username":"admin"}','2025-12-03T02:16:05.657Z');
INSERT INTO "bitacora_acciones" VALUES (102,1,'Backup Creado (auto (inicial))','{"filename":"backup-2025-12-03T02-16-05-706Z.db","type":"auto (inicial)"}','2025-12-03T02:16:05.737Z');
INSERT INTO "bitacora_acciones" VALUES (103,1,'Backup Creado (auto (inicial))','{"filename":"backup-2025-12-03T14-49-02-275Z.db","type":"auto (inicial)"}','2025-12-03T14:49:02.297Z');
INSERT INTO "bitacora_acciones" VALUES (104,1,'Inicio de Sesión','{"username":"admin"}','2025-12-03T14:52:07.916Z');
INSERT INTO "bitacora_acciones" VALUES (105,1,'Inicio de Sesión','{"username":"admin"}','2025-12-03T15:09:55.859Z');
INSERT INTO "bitacora_acciones" VALUES (106,1,'Inicio de Sesión','{"username":"admin"}','2025-12-03T20:53:09.942Z');
INSERT INTO "bitacora_acciones" VALUES (107,1,'Backup Creado (auto (inicial))','{"filename":"backup-2025-12-03T20-53-11-030Z.db","type":"auto (inicial)"}','2025-12-03T20:53:11.052Z');
INSERT INTO "bitacora_acciones" VALUES (108,1,'Backup Creado (auto (inicial))','{"filename":"backup-2025-12-03T21-01-39-108Z.db","type":"auto (inicial)"}','2025-12-03T21:01:39.132Z');
INSERT INTO "bitacora_acciones" VALUES (109,1,'Inicio de Sesión','{"username":"admin"}','2025-12-03T21:01:40.827Z');
INSERT INTO "bitacora_acciones" VALUES (110,1,'Backup Creado (auto (inicial))','{"filename":"backup-2025-12-03T22-07-51-965Z.db","type":"auto (inicial)"}','2025-12-03T22:07:51.987Z');
INSERT INTO "bitacora_acciones" VALUES (111,1,'Inicio de Sesión','{"username":"admin"}','2025-12-03T22:07:53.461Z');
INSERT INTO "bitacora_acciones" VALUES (112,1,'Configuración de Backup Actualizada','{"enabled":false,"interval_value":6,"interval_unit":"hours"}','2025-12-03T22:08:09.002Z');
INSERT INTO "bitacora_acciones" VALUES (113,1,'Inicio de Sesión','{"username":"admin"}','2025-12-03T22:13:19.658Z');
INSERT INTO "bitacora_acciones" VALUES (114,1,'Inicio de Sesión','{"username":"admin"}','2025-12-03T22:17:03.433Z');
INSERT INTO "bitacora_acciones" VALUES (115,1,'Inicio de Sesión','{"username":"admin"}','2025-12-03T22:17:48.283Z');
INSERT INTO "bitacora_acciones" VALUES (116,1,'Inicio de Sesión','{"username":"admin"}','2025-12-03T22:21:23.250Z');
INSERT INTO "bitacora_acciones" VALUES (117,1,'Inicio de Sesión','{"username":"admin"}','2025-12-03T22:24:51.979Z');
INSERT INTO "bitacora_acciones" VALUES (118,1,'Inicio de Sesión','{"username":"admin"}','2025-12-03T22:27:44.246Z');
INSERT INTO "bitacora_acciones" VALUES (119,1,'Categoría Eliminada','{"deletedCategoryId":"5","categoryName":"q"}','2025-12-03T22:31:29.996Z');
INSERT INTO "bitacora_acciones" VALUES (120,1,'Venta Creada','{"facturaId":4,"total_usd":87}','2025-12-03T22:32:10.582Z');
INSERT INTO "bitacora_acciones" VALUES (121,1,'Inicio de Sesión','{"username":"admin"}','2025-12-03T22:38:24.621Z');
INSERT INTO "bitacora_acciones" VALUES (122,1,'Venta Creada','{"facturaId":5,"total_usd":71.92}','2025-12-03T22:41:00.950Z');
INSERT INTO "bitacora_acciones" VALUES (123,1,'Inicio de Sesión','{"username":"admin"}','2025-12-03T22:41:58.369Z');
INSERT INTO "bitacora_acciones" VALUES (124,1,'Inicio de Sesión','{"username":"admin"}','2025-12-04T00:20:42.441Z');
INSERT INTO "bitacora_acciones" VALUES (125,1,'Venta Creada','{"facturaId":6,"total_usd":52.2}','2025-12-04T00:21:54.712Z');
INSERT INTO "bitacora_acciones" VALUES (126,1,'Configuración de Backup Actualizada','{"enabled":false,"interval_value":6,"interval_unit":"hours"}','2025-12-04T00:23:10.858Z');
INSERT INTO "bitacora_acciones" VALUES (127,1,'Inicio de Sesión','{"username":"admin"}','2025-12-04T21:42:11.336Z');
INSERT INTO "bitacora_acciones" VALUES (128,1,'Inicio de Sesión','{"username":"admin"}','2025-12-04T21:46:54.605Z');
INSERT INTO "bitacora_acciones" VALUES (129,1,'Inicio de Sesión','{"username":"admin"}','2025-12-04T21:48:52.643Z');
INSERT INTO "bitacora_acciones" VALUES (130,1,'Inicio de Sesión','{"username":"admin"}','2025-12-04T21:53:05.531Z');
INSERT INTO "bitacora_acciones" VALUES (131,1,'Inicio de Sesión','{"username":"admin"}','2025-12-07T21:07:33.884Z');
INSERT INTO "bitacora_acciones" VALUES (132,1,'Inicio de Sesión','{"username":"admin"}','2025-12-07T21:09:47.120Z');
INSERT INTO "bitacora_acciones" VALUES (133,1,'Inicio de Sesión','{"username":"admin"}','2025-12-07T21:13:54.998Z');
INSERT INTO "bitacora_acciones" VALUES (134,1,'Backup Creado (manual)','{"filename":"backup-2025-12-07T21-13-57-486Z.db","type":"manual"}','2025-12-07T21:13:57.507Z');
INSERT INTO "bitacora_acciones" VALUES (135,1,'Configuración de Backup Actualizada','{"enabled":true,"interval_value":6,"interval_unit":"hours"}','2025-12-07T21:14:11.012Z');
INSERT INTO "bitacora_acciones" VALUES (136,1,'Backup Creado (auto (inicial))','{"filename":"backup-2025-12-07T21-14-11-522Z.db","type":"auto (inicial)"}','2025-12-07T21:14:11.542Z');
INSERT INTO "bitacora_acciones" VALUES (137,1,'Configuración de Backup Actualizada','{"enabled":false,"interval_value":6,"interval_unit":"hours"}','2025-12-07T21:14:22.506Z');
INSERT INTO "bitacora_acciones" VALUES (138,1,'Inicio de Sesión','{"username":"admin"}','2025-12-07T21:35:10.211Z');
INSERT INTO "bitacora_acciones" VALUES (139,1,'Inicio de Sesión','{"username":"admin"}','2025-12-07T21:40:22.116Z');
INSERT INTO "bitacora_acciones" VALUES (140,1,'Reporte de Error Creado','{"reportId":1,"modulo":"Dashboard"}','2025-12-07T21:40:36.773Z');
INSERT INTO "bitacora_acciones" VALUES (141,1,'Reporte de Error Creado','{"reportId":2,"modulo":"Dashboard"}','2025-12-07T21:50:37.361Z');
INSERT INTO "bitacora_acciones" VALUES (142,1,'Inicio de Sesión','{"username":"admin"}','2025-12-07T23:33:13.931Z');
INSERT INTO "bitacora_acciones" VALUES (143,1,'Backup Creado (manual)','{"filename":"backup-2025-12-07T23-33-19-235Z.db","type":"manual"}','2025-12-07T23:33:19.256Z');
INSERT INTO "bitacora_acciones" VALUES (144,1,'Inicio de Sesión','{"username":"admin"}','2025-12-07T23:36:54.939Z');
INSERT INTO "bitacora_acciones" VALUES (145,1,'Backup Creado (manual)','{"filename":"backup-2025-12-07T23-36-57-146Z.db","type":"manual"}','2025-12-07T23:36:57.659Z');
INSERT INTO "bitacora_acciones" VALUES (146,1,'Inicio de Sesión','{"username":"admin"}','2025-12-07T23:38:24.856Z');
INSERT INTO "bitacora_acciones" VALUES (147,1,'Backup Creado (manual)','{"filename":"backup-2025-12-07T23-38-28-218Z.db","type":"manual"}','2025-12-07T23:38:28.240Z');
INSERT INTO "bitacora_acciones" VALUES (148,1,'Inicio de Sesión','{"username":"admin"}','2025-12-07T23:46:06.707Z');
INSERT INTO "bitacora_acciones" VALUES (149,1,'Inicio de Sesión','{"username":"admin"}','2025-12-08T00:16:12.940Z');
INSERT INTO "bitacora_acciones" VALUES (150,1,'Inicio de Sesión','{"username":"admin"}','2025-12-08T00:22:13.825Z');
INSERT INTO "bitacora_acciones" VALUES (151,1,'Inicio de Sesión','{"username":"admin"}','2025-12-08T00:30:02.617Z');
INSERT INTO "bitacora_acciones" VALUES (152,1,'Producto Creado','{"newProductId":10,"name":"testing"}','2025-12-08T00:30:41.776Z');
INSERT INTO "categorias" VALUES (2,'test','12345','2025-10-08 22:12:35','2025-10-08 22:12:35');
INSERT INTO "categorias" VALUES (3,'si','1234','2025-10-08 22:13:54','2025-10-08 22:13:54');
INSERT INTO "error_reports" VALUES (1,1,'Dashboard','Probando','Probando','pendiente','2025-12-07 21:40:36',NULL,NULL,'manual');
INSERT INTO "error_reports" VALUES (2,1,'Dashboard','Esto es un log de errores','Que me notifica por telegram, hola','pendiente','2025-12-07 21:50:37',NULL,NULL,'manual');
INSERT INTO "factura_detalles" VALUES (5,1,8,2,15.0,30.0,'desodorante','test','test','7500435232326');
INSERT INTO "factura_detalles" VALUES (6,1,9,1,16.0,16.0,'alcohol','demo','test','7592044000076');
INSERT INTO "factura_detalles" VALUES (7,2,8,2,15.0,30.0,'desodorante','test','test','7500435232326');
INSERT INTO "factura_detalles" VALUES (8,2,9,1,16.0,16.0,'alcohol','demo','test','7592044000076');
INSERT INTO "factura_detalles" VALUES (9,3,8,2,15.0,30.0,'desodorante','test','test','7500435232326');
INSERT INTO "factura_detalles" VALUES (10,3,9,4,16.0,64.0,'alcohol','demo','test','7592044000076');
INSERT INTO "factura_detalles" VALUES (11,4,8,5,15.0,75.0,'desodorante','test','test','7500435232326');
INSERT INTO "factura_detalles" VALUES (12,5,9,2,16.0,32.0,'alcohol','demo','test','7592044000076');
INSERT INTO "factura_detalles" VALUES (13,5,4,1,15.0,15.0,'Maicena','Maicena TIGO','Almidones','7598986002871');
INSERT INTO "factura_detalles" VALUES (14,5,8,1,15.0,15.0,'desodorante','test','test','7500435232326');
INSERT INTO "factura_detalles" VALUES (15,6,4,3,15.0,45.0,'Maicena','Maicena TIGO','Almidones','7598986002871');
INSERT INTO "facturas" VALUES (1,1,1,53.36,1947.64,'2025-11-27 21:39:27','Completada',1);
INSERT INTO "facturas" VALUES (2,1,1,53.36,1947.64,'2025-11-27 21:40:48','Completada',1);
INSERT INTO "facturas" VALUES (3,1,1,109.04,3979.96,'2025-11-27 23:57:13','Completada',1);
INSERT INTO "facturas" VALUES (4,1,126,87.0,21914.43,'2025-12-03 22:32:10','Completada',0);
INSERT INTO "facturas" VALUES (5,1,135,71.92,18115.9288,'2025-12-03 22:41:00','Completada',0);
INSERT INTO "facturas" VALUES (6,1,143,52.2,13148.658,'2025-12-04 00:21:54','Completada',0);
INSERT INTO "permissions" VALUES (1,'users:read','Ver la lista de usuarios');
INSERT INTO "permissions" VALUES (2,'users:create','Crear nuevos usuarios');
INSERT INTO "permissions" VALUES (3,'users:update','Editar usuarios existentes');
INSERT INTO "permissions" VALUES (4,'users:delete','Eliminar usuarios');
INSERT INTO "permissions" VALUES (5,'roles:read','Ver la lista de roles y sus permisos');
INSERT INTO "permissions" VALUES (6,'roles:create','Crear nuevos roles');
INSERT INTO "permissions" VALUES (7,'roles:update','Editar roles y asignar permisos');
INSERT INTO "permissions" VALUES (8,'roles:delete','Eliminar roles');
INSERT INTO "permissions" VALUES (9,'products:read','Ver la lista de productos');
INSERT INTO "permissions" VALUES (10,'products:create','Crear nuevos productos');
INSERT INTO "permissions" VALUES (11,'products:update','Editar productos existentes');
INSERT INTO "permissions" VALUES (12,'products:delete','Eliminar productos');
INSERT INTO "permissions" VALUES (13,'categories:read','Ver la lista de categorías');
INSERT INTO "permissions" VALUES (14,'categories:create','Crear nuevas categorías');
INSERT INTO "permissions" VALUES (15,'categories:update','Editar categorías existentes');
INSERT INTO "permissions" VALUES (16,'categories:delete','Eliminar categorías');
INSERT INTO "permissions" VALUES (17,'sales:read','Ver la lista de ventas');
INSERT INTO "permissions" VALUES (18,'sales:create','Crear nuevas ventas');
INSERT INTO "permissions" VALUES (19,'sales:void','Anular ventas existentes');
INSERT INTO "permissions" VALUES (20,'reports:read','Ver reportes de ventas');
INSERT INTO "permissions" VALUES (21,'backups:read','Ver la lista de copias de seguridad');
INSERT INTO "permissions" VALUES (22,'backups:create','Crear nuevas copias de seguridad');
INSERT INTO "permissions" VALUES (23,'backups:restore','Restaurar una copia de seguridad');
INSERT INTO "permissions" VALUES (24,'dashboard:view_total_facturado','Ver total facturado en dashboard');
INSERT INTO "permissions" VALUES (25,'dashboard:view_ganancia_dia','Ver ganancia del día en dashboard');
INSERT INTO "permissions" VALUES (26,'dashboard:view_ventas_mensuales','Ver gráfico de ventas mensuales');
INSERT INTO "permissions" VALUES (27,'dashboard:view_ventas_usuario','Ver gráfico de ventas por usuario');
INSERT INTO "permissions" VALUES (28,'dashboard:view_bitacora','Ver bitácora de actividades en dashboard');
INSERT INTO "permissions" VALUES (29,'dashboard:view_precio_dolar','Ver precio del dólar en dashboard');
INSERT INTO "permissions" VALUES (30,'dashboard:view_productos_vendidos','Ver productos más vendidos');
INSERT INTO "permissions" VALUES (31,'dashboard:view_mis_ventas','Ver mis propias ventas del día');
INSERT INTO "permissions" VALUES (32,'dashboard:view_progreso_semanal','Ver mi progreso semanal de ventas');
INSERT INTO "permissions" VALUES (33,'backups:configure','Configurar backups automáticos (intervalo, habilitar/deshabilitar)');
INSERT INTO "permissions" VALUES (34,'sales:reprint','Reimprimir tickets de venta ya impresos');
INSERT INTO "permissions" VALUES (35,'errors:view','Ver panel de reportes de errores');
INSERT INTO "preguntas_seguridad" VALUES (1,'¿Cuál es el nombre de tu primera mascota?');
INSERT INTO "preguntas_seguridad" VALUES (2,'¿Cuál es tu comida favorita?');
INSERT INTO "preguntas_seguridad" VALUES (3,'¿En qué ciudad naciste?');
INSERT INTO "preguntas_seguridad" VALUES (4,'¿Cuál es el nombre de soltera de tu madre?');
INSERT INTO "preguntas_seguridad" VALUES (5,'¿Cuál fue tu primer coche?');
INSERT INTO "productos" VALUES (4,'Maicena','Maicena TIGO',10.0,15.0,'Almidones','','CURRENT_DATETIME','CURRENT_DATETIME','7598986002871');
INSERT INTO "productos" VALUES (5,'Colonia','asdasd',13.0,15.0,'asdasd','','CURRENT_DATETIME','CURRENT_DATETIME','7500435232357');
INSERT INTO "productos" VALUES (8,'desodorante','test',10.0,15.0,'test','','CURRENT_DATETIME','CURRENT_DATETIME','7500435232326');
INSERT INTO "productos" VALUES (9,'alcohol','demo',10.0,16.0,'test','','CURRENT_DATETIME','CURRENT_DATETIME','7592044000076');
INSERT INTO "productos" VALUES (10,'testing','',12.0,15.0,'test','data:image/jpeg;base64,/9j/4AAQSkZJRgABAQAAAQABAAD/4gHYSUNDX1BST0ZJTEUAAQEAAAHIAAAAAAQwAABtbnRyUkdCIFhZWiAH4AABAAEAAAAAAABhY3NwAAAAAAAAAAAAAAAAAAAAAAAAAAAAAAAAAAAAAQAA9tYAAQAAAADTLQAAAAAAAAAAAAAAAAAAAAAAAAAAAAAAAAAAAAAAAAAAAAAAAAAAAAAAAAAAAAAAAAAAAAlkZXNjAAAA8AAAACRyWFlaAAABFAAAABRnWFlaAAABKAAAABRiWFlaAAABPAAAABR3dHB0AAABUAAAABRyVFJDAAABZAAAAChnVFJDAAABZAAAAChiVFJDAAABZAAAAChjcHJ0AAABjAAAADxtbHVjAAAAAAAAAAEAAAAMZW5VUwAAAAgAAAAcAHMAUgBHAEJYWVogAAAAAAAAb6IAADj1AAADkFhZWiAAAAAAAABimQAAt4UAABjaWFlaIAAAAAAAACSgAAAPhAAAts9YWVogAAAAAAAA9tYAAQAAAADTLXBhcmEAAAAAAAQAAAACZmYAAPKnAAANWQAAE9AAAApbAAAAAAAAAABtbHVjAAAAAAAAAAEAAAAMZW5VUwAAACAAAAAcAEcAbwBvAGcAbABlACAASQBuAGMALgAgADIAMAAxADb/2wBDAAoHBwgHBgoICAgLCgoLDhgQDg0NDh0VFhEYIx8lJCIfIiEmKzcvJik0KSEiMEExNDk7Pj4+JS5ESUM8SDc9Pjv/2wBDAQoLCw4NDhwQEBw7KCIoOzs7Ozs7Ozs7Ozs7Ozs7Ozs7Ozs7Ozs7Ozs7Ozs7Ozs7Ozs7Ozs7Ozs7Ozs7Ozs7Ozv/wAARCAMgAyADASIAAhEBAxEB/8QAHAABAAIDAQEBAAAAAAAAAAAAAAEEAgMFBgcI/8QATxAAAQMCBAMEBwUEBwUGBgMAAQACAwQRBRIhMQZBURMiYXEHFDJCUoGRI2KhscEVJDNyJTRDU4KS0RZjosLhNURWc5TwNlR0g7LxJpOz/8QAGQEBAQEBAQEAAAAAAAAAAAAAAAECAwQF/8QAJBEBAQACAgICAwEBAQEAAAAAAAECEQMhEjEyQQQTUSJhFDP/2gAMAwEAAhEDEQA/APjKIiAiIgIiICIiAiIgIiICIiAiIgIiICIiAiIgIiICIiAiIgIiICIiAiIgIiICIiAiIgIiICIiAiIgIiICIiAiIgIiICIiAiIgIiICIiAiIgIiICIiAiIgIiICIiAiIgIiICIiAiIgIiICIiAiIgIiICIiAiIgIiICIiAiIgIiICIiAiIgIiICIiAiIgIiICIiAiIgIiICIiAiIgIiICIiAiIgIiICIiAiIgIi7OGcH8QYu1j6PC53Rvtlke3I0g7G5tp4oslvpxkX0fC/Q3iM1n4piMFK2wOSFpkd4gk2A+V16eh9E3DdKWmo9Zqy03PaSZQfAhtlnyjc48q+Iq9R4JiuIPDKPDqmdxbmGSIm46r9C0GA4Ng8VqHDaanDW2L2RjMQOrtz8yssK7/b1hA+1cQ3+UKebf6v7XxjCPRdxXjMbZYqKOnhcbdpPM1oGtjcC7tPJejpPQTi7z++4vRQ/wDktfJf6hq+rcMNtgzT1kefxXXWbnXOyR8qg9BFA2xqMaqH66hkTRcfO66cXoU4VjcC+SvltuHTAA/RoK+hqFPKmnjWeibgpjA12DueR7zqqW5+jrK9Rej7hGgjdHDgFG4ONyZ2mY/IvuR5L0ihTdHF/wBjOF//AA7hn/pGf6J/sZwv/wCHcM/9Iz/RdpE3Rxf9jOF//DuGf+kZ/on+xnC//h3DP/SM/wBF2kU3R5ut9HXCGIZO2wGlZk27AGH65CL/ADVGX0S8FSMLW4S6I/Eyqlv+LiF7JSm6Pnk3oT4WfmMc2IRE7WmaQPq39Vyqn0EUZB9WxuZp5CSEEfgQvrCK+VNPiFV6CsaZf1TFqGb/AM0Pj/IOXna30W8ZUQe52EOmY02zQSsfm8mg5vwX6RQrXnU0/KFdgWL4YXCuwyqp8ntGSJwA+aoL9eFocLOAI6FcfFeEOHcaLnYhg1JNI8gulEYbIbbd9tnfir5mn5bRfecR9CnDdVc0c1XROJJGV4e0eFjy+a8jivoPxumu/DK+mrmD3XgwvPy1H4hamUTT5oi6+K8JcQYKHOxDCaqGNouZOzLmAXtcuGgXIWkEREBERAREQEREBERAREQEREBERAREQEREBERAREQEREBERAREQEREBERAREQEREBERAREQEREBERAREQEREBERAREQEREBERAREQEREBERAREQERWsOwqvxeqbTYfRzVMrjYNjaT9enzQVU3X0LAvRLXVpMmK1baRjHWdHFZ778xfbrrr819HwTg3AcBDHUVAwzMA+3l78hOmtzttysFm5SOmPHa+LYRwNxFjQa+nw6SKF2olnHZtI6i+pHkvc4N6HKZgEuM4g+Z2/Y0wyt+bjqfkAvptkWLnXacWMcfCuE8BwXI6iwyBkjLWlc3M8HrmOo+S66lQsukmhEQ7IKOKzOZSiKP+JO7I39VYZEynpeyZ7MbLD6aqqR6zi+vsU7bfNWKh9oZD9135ILvDIvgMJ6ucfxXVsuTwqb8O0p65vzXXOyjy32hQpNgLkgea1Oqqdps6eMHxcERsULT67Sf/ADMX+cLQ/G8KiNn4jTtPQvCC7dSuWeJcDaf+1Kf/ADqW8SYIXWGJ01z99FdNQtMNdSVAvDUxSA/C8LeNdtUQRE2QEREBERBCKUQQiIgLz2L8BcMY1mNXhEDZHG5lhb2biSbkkttc+a9CiD5Dj3oNH8XAMSOxvDWfo5o8hYj5r59jfBHEfDwdJiGFzCBu88YzxjzcNt+dl+n0W5nU0/ISL9J476NuF8eGabDxSzcpqS0bhtytlO3MFfM8d9CuO0DXS4VPFiUY1yaRyfQmx+q3MpU0+cIttVR1VFMYaumlp5W7slYWuHyK1LSCIiAiIgIiICIiAiIgIiICIiAiIgIiICIiAiIgIiICIiAiIgIiICIiAiIgIiICIiAiIgIiICIiAiIgIiICIiAiIgIiICIiAiK9hGC4lj1c2iwykkqZncmjRo6k7AeaCir2F4JiWNTiHDqOSodexLRZo8ydB819X4X9CcUOSp4kqRM7Q+qU7iG7bOfoT8rbblfQKqipMPhpKWipoqaEONo4mBrR8gsXP+NY47r5nwv6H6d1a049VGYNaHugpyWtJ6F29vK3mvqsFDQYHhb4aCkhpYY2GzImhoVbC9cQn8GgLbjkxZTMgG8z8vyXPdvt0uMmWoo0MZbStJ3fdx+atBYsAaABsAshuo9DKwyrFSiCERQUArB7xGxzzs0ElZFVK97uxETLZpXZflzVgjDo3CnMrh3pXFx8lNYctJM7SwjdqeWio4pxHQYPEIQ7tpmiwYz9V4rFOIMRxVxEsxghP9mz9UqW6ewoONcJwXAKWAyunnDTdkfI35rlVvpExWqzClijpWcju5eNaxrNGtt+q2N3VjhqbdKpxrFKxxM9fOb8musFTLnON3ve4nq4qApRrUS0Abk/UoGg37gPiVk1qnKQggAc2j6KbM5sB8wmUqUoCzNYy5rurXELo0XEGLUBHY18hA91+oXOWQChp7Ci9INWxwFdTslb8TNCvQ0PGOD1rgzt+xf0lFvxXzBQQCNbEdCETxfbGSMlaHxuD2nm03ClfIMMxevwiUSUk78oOsRNwV9BwTi2gxUNjlcIKjmx+xKaYs07ylPpr0RRBQpRBCIiAiIgIiIIUqEQUMYwHCcfpjT4rQxVUfLOO83ycNR8ivlnEfoQkY2So4dre0tqKWpIBPgH7fW3mvsSlWWw0/JmJ4RiGDVRpcSo5aWYe7I21/EdR5Kov1limD4djdG6kxOjiqoXbtkbt4g7g+IXyfif0JTR5qnhup7Vt/6pUGzh/K/Y8tDbz5LpM59s6fJUViuoKvDKt9JXU8lPPGe9HI2xCrraCIiAiIgIiICIiAiIgIiICIiAiIgIiICIiAiIgIiICIiAiIgIiICIiAiIgIiICIiAiIgIiICIiAiIgIiICIiAsoopJpWRRMdJI9waxjBcuJ2AHMrvcLcE41xbUZaCDJTtNpKmXSNvhfmfAL7pwj6PsH4SjEkLPWq63eqpR3vJo90f+7rNykXT5xwl6Gq/ETHV8QSOoaY6+rt/jP8AP4fxPluvsWD4JhuAUQo8Lo46aIb5Bq49XHcnzV5FyttVK5eJ/wBbpm9ASumuViPexKAfCwlRvD5IwsfvNS7yCrYi81GOsjHsU7L/ADKuYTYesvOxf+i5tGTNLUVR/tZTbyCrrJvPa4pUeaKOjILIi4WLTZZFyDHZQVlfRYE+NtNzsFRi5wY0ucbAbnovBcR8VST1rabDHgMiBDpR18FlxXxG6slfh9E+0TNJJB7x6BeXAAFgLKsZZfTaCSSS4uLtSXbkqStYWxqMIDbqbWWSkQvczP2bsg97kggLa3Zaw22q2NKKyGi2CzNSLlYA2WcYzHUpRi4F7lIjKtns422ABK1C7ioMBHdC2xstxaWt0+aWuNBp1QacpKFttFuDQBobha3C5QYhLbHptbcLIaaJZB6DAuMazDZWQV5dUUm2Y+0xfRKaphrKdtRTyCSN40I2Xx5rbrvcM40/Cq2OF7z6pIbOadmlGLH0hFDXNewOYQWnVp8FKjAiIgKFKhEFClQgIpRBCIiKlSoRByeIOF8H4npRBitI2XKD2co0fHf4XcvyXxfi70SYvgJlq8LzYlQNu7ut+1jb95o3t1H0C+/ItTKw0/IKL9D8Z+jDCuKM9XTWocRNyZmDuyH77f1Gvmvh3EHDGL8MVnq2KUpjvqyRuscg8Hc/LddJlKzpyURFpBERAREQEREBERAREQEREBERAREQEREBERAREQEREBERAREQEREBERAREQEREBERAREQEREBEV/BcDxLiCvbQ4ZSunmOpA0DR1J2AQUWMfLI2ONpe9xs1rRck9F9V4I9D8tSIsR4lBiiNnMoge+4cs5Hs8tN+tl7Pgn0aYbwm1tXPlrcSt/Hc3uxaahg5c9d/Je0XPLP+LpqpqWnoqdlPSwshhjFmRxtDWtHgAtqIuaiIiKLk13/AGm3wiXWXGrXXxR4+GMI3x/JqFR2GEVUjfac8tHzUUsfY00bOjdVQbJ27IqYE6zuc7yC6gR3xgd1I2UIjTJLrG6gqjPlcHVeS4v4hNO04bRu+1fpK4e6F18exiPBsOfO4gykWiZ1K+YvllnmfPM4ukkN3Em6rGWWugWGjeSeSC9wAr2H4ZUV0mSJnd9552Cl6YktqkHBulrk+C6eH4HX1liWdkw+8/mvQUGBUmHjNZssnN7tbLbWYzQ0TT2kge4bNbuVi52+nWccndaafh/DqFvaVL+0yi5udFx8UxBtZJ2cDOyp2aNa0Wv5rTW4zUYrIG2McXuxtGp81YocCxHECAyAsZ8TtLJOu6lsvUcp7nEWbYHqtjKaSKnErmlrCbDNuV6Z+FYRgcYmr5BUTbtiGoJ8VwK+ulr6jtpA1jWizIxs0LUtrGtNIWYVbti51mBbGuI5qsrIW1ugsFXY7MQG3J6DVW3UtREztHx9mLaZzYn5KLGIB1KWJFydOSxZnyl8zreAWl8ub2ASOZ2ARW5zwe6FGjBc78lso6SoqruY0NYPalfo1qmaGHtfs3F4bu92gPkOio1ZdL9VibA67KxDBNVPDKaJ0rj0Gi9HhnCrWWlru+4jSMfqs3KQ8bXmW7abLMDMLHb8ltrKR1BVvpntIDSS2/MLBrSRcFWXaa109XwfxDlkGFVj9/4Ejjv4L2h/L8F8hfG7RzCWvbqwjkV9F4ZxkYth47Q/vEQyyAqsZR2URFGBERBCKVCAiIghFKIIREQSihSgKniOGUOL0b6PEKWOpgkFnMeL/MdD4q4oIQfB+NvRNW4GJMQwXtK2hBJdFa8sI6/eG+oXzpfr23VfPeOfRTRY+ZcRwjJR4i67nstaOc+Pwk9fr1XTHP8ArNj4IisV1BWYZVvpK6mkp54zZzJGkH/9eKrrogiIgIiICIiAiIgIiICIiAiIgIiICIiAiIgIiICIiAiIgIiICIiAiIgIiICIiAiIgIi91wB6NaviiWPEK9r6fCQ6+bZ09jqG+Hj9FLdDk8H8DYpxhV2pmdjRxuAmqnjut8B8R8PrZfoThzhrDOFsNFDhsOVt7vkdq+R3VxV6ioaXDqSOkoqeOngjFmRxtsAFvXK5ba0IiLIIiIoiIqC4dRridQb+6Au4uBM69dVHobKOnF8nLwkZ6yQu2aDr5krsrlYLE9jJy4bPsF1Lo9CVCIgXWLnBoLnGwGpPgpXD4txI4fg7mtNnznI1WJbqPF8R4q/F8Xeb/ZQnLGOXmuaG8husI9r21W6NjpZGsYe+82Cu3H26GEYXJiE+t2wtPfcva0tNHTQthiaGsHTmtGH0jaOmjgaBcAZj1K6MUfOy82ee709eOEkVpcGpakkvD9ejrKuzhDCS4ufE5x8XLusFgLLYApssUqTCaCkbaCkYzxtqorKfEaoFlPUxU7LbgaroAWWY5JtOnkJeCJ6hxfLiQLidTlWt3AMpabYg0+bV7UHVSt+dY8Y8OzgOpv3q6K3g1XqfgWljcDUVU0vg0WXq7XUtap5Wp4xxf9nYqaENwxsUDzu97bkKr/sa6aXtarEXyO6hq9QGrINWt1NR5l/DNFTNtFSuqpre1K7uhaoeFo3ydrXODgNWxR+yF6vKVgY9Utp08vWcO1VZIGetMgpW7RMarNLwpQsymdz5iOTtAu8YwOQWNlndXppipYaZoZBC2No5ALZayyISwUV5/ifC3VdKKmFt5Yd/ELxrZHscW2JAO6+oObcEWuCNQvKV+BtgxIFgvTVAyn7ruS3jlpMsduPG8PZkO+4KvYLXvwjFY57nsnnLIOoPNc50UlJUvgl0kjNirJDXstbcLo52PqbSHtDm2IIuD4KbLhcJYgazDOwkN5Kc5STzC7qOF6pZLIiCEU2UIIRSiCEREEIpUICkKFIQEREBERB5zi7gjCuL6TJVxiKrY0iGqY3vM8/iHgfwX584l4VxXhSvFLicGUPuYpWaslA3LT9NNxcdV+plQxnBcPx/DpKDEqZs8LxzGrT1B5HxWsctJY/KCL1XG3AOJcH1Ze5rqjDnutDVAf8AC4cj+B5Lyq7S7ZEREBERAREQEREBERAREQEREBERAREQEREBERAREQEREBERAREQEREBERARF9U9Gfoy9f7LHseh/dQQ+mpX/wBrzDnD4eg589N5boaPR36LZMWEGM46wx0ObNFTEWdOORPRv4nysT9uiijhiZFExrI2ANa1osGgbABZBoaAALAbAIuNu2kooRQEREBEQFUSiIoovPu71VM7q8rvk2B8l52nfn7R53L3I6cXtNPG6NhBG7yVuUXKI9KUUIgLw3H1RnrKamBvkbmIXuehXzPiWYVHEdUb3DAGBWMZ+nKLQ3Qcl1eG6btsT7Vwu2IXHmuW4ar1HC1PkoXSkd57lnO6jPHN5PQxC5v1KvRt0VWFqvRjRed6qzaFsAQDRZtCrNqMuiyA0UgLJGKgAKRuikBWImyzAWI1W0LUZqQ1ZhqALLZbjFqMoUZfBZqFdJtrc1ay1b3LW5YsajSQjCGvudlLliWd26xXQlcHHTQLTJGyQZXC4WdlKiuBxFhIliFdF7bBZ46hefadLEaL6Ecjoy14DgeRXhaxgjrZWWsA86LpjXPKOhwxVGlxpjS6zJ25XDxXvV8xYXwSxTNFiyQH8V9MieJImvGzmgro4ZRmoUqEYEspRBiimyhAUKUQQoUqEVKKFKAiIgIiICKLqeSDRWUVNiFJJSVkDJ4JRlfG8XDgvgPpA9HFRwpIa+ic6owuR9gSO9DfYO6jxX6FXPxyniqsJmhnjbJHJYOY4XBF1ZdGtvyii9tx5wBLw7Ia/D2vlw1515mE9D4dCvErtLtmyz2IiKoIiICIiAiIgIiICIiAiIgIiICIiAiIgIiICIiAiIgIiICIiAiL6F6NPRyeJJW4vigy4XE8hsfOocOXg0czz28RLdC76LfRzHi+XHsaizUbHfu9M9uk5HvOvu3w568hr9vWLI2RRtjjY1jGANa1osABsAFkuNu2hERQQiIgFES2qAmyHRNwqAUqApUGMmkbj4FeeowOxv1cSvQTm0Eh6NK89S/1dnmUduJvREuj0CJdEGLjZpd0Bv8AIL5LUS9rXVUp3fK7819Urn9nQVD72tG78l8kabknqSVY5cjY25uSvcYNF2WGwttuLrxcbbkDxC+gU7BHTxNHJoXPldOH2twhXWDRVIgrjBouLtW0DRZtCxCzAVc6kKUClGSykBQN1KokaLYCtY1Ug2VlSxvBWV1qDrKc63KxY23Qla8wQu0V2mmRctbioLlgSs2tSB3U5+5ay1k6qCVzbgSihCjSb8+i8njDAzFpLcxderAvuvNY52frpIPeAF1rH2zl6c2aQuYRtovoWDS9tg9M++8YXzl5vfyXveFzfAKa55ELs8+brIpsllXJCKbJZBillNlCghERBCIiCEUqEBERARERQ6oEOiBBKp4n/UJPAt/NXFTxQ2w+U9Lfmh9ufPTw1VM+nqI2yxSNyvY4XDgeS+Icf8DP4ZqhWULXyYbMbAnUwu+E+HQr7mDoForKenraSSmqoWTQStyvY8XDgrLp3yxmUfmBF6jjfg6ThivMkDhLQTOPZOBuWfdd/rzXl12l281ll1RERVBERAREQEREBERAREQEREBERAREQEREBERAREQEREBEXY4W4arOKsbiw2k7oPellIuImc3f6DmUHV9H3BE3F+LgzNezDac3qJRpm6Maep/AfJfoulpoKKljpaWJsMMTQ1jGCwaAqmB4NR8P4PBhlAwtggbYX1LidST4kroLjldtHNE5osgpUKUCyhSiCERFQOqW0RSgxA1WSIoNFYbUcp+4Vw6c/uzP5V2MUOXDpz91cemFqeK/whHfibrqEJsl0egRERHPx9/Z4HVuv/Zr5awaDyX0riyTs+H6jxAC+bs2C1HLP2sUwvURjq8BfQoxoB4BeDwyF1RisMbR7JzOPgF72Mg7LjyXt14Z9rUQVtmyrQt0urTRpouTpWwLMLACyzGguVWKyClYhSqmkqbqEQSDZMyhEGWZMxWKXRNM8yFywuoumzTPMsbrG6gnVNqyJUEqLqCVFSSl1iVF0EudpovG4tNmxeYdLBeuc6y8JVPMmJ1D76F9lrD2mXpajjL29dF77hyIxYJA1wsQCvE0D2ttmF9F7/CnB2GQOAAu1do82a1ZLKUstOSLIdFkCBusTqmhCIigxREUEIiICIoQEREVKIiCCLoBZSiAq+Ismlw6ZkDQ55Gg6kaqwl+l0HjBjL5i4PfHSlvdfG/2gfBVpauN5v2lTVHo0WC6/GOGGpjgnpoWOqWyAXAsXDoVQhpMXnbkjwzsSBqZHAD8Ed8cprtQqaNuL0UtDUYZE2CZtnGV1yPEdCOq+N8S8OVfDeJupagZo3d6GUaiRv8Ar1H6WX6Ch4er5P6zXMYPhhZf8StWO8AYXj2EPo6l0pm9qKfNrG/rbmOoWsbpnkuNnT81oruL4RW4Hik2HV8JinhdYg8xyI6gqkuzziIiAiIgIiICIiAiIgIiICIiAiIgIiICIiAiIgIiIN1HR1GIVkVJSQumnmcGRxtGriV+keBeDoOEMDEA71ZUAPqpOrreyPAXNvmvKeiPgdlBRs4jxGIOqqhoNIxw/hMPvebh+HmvqK5ZZfTUhZERYURFNkRAUpZQgIiKgiIgKURARQpRXPxp2XC5fGwXOiaBG0eAsr+On+jiPicLKm0WHkEd+L0golkUd03RALqUHneNnEcPyW5vAXgA7L8l73jg/wBB26yBeJpKV1TWRRDZzrq76ccpuvS8OUHYUpqHj7SXY9Au7GMpWEMYjjawCwaLBVcSqKlo9XoY887h7XJq897u3qmsY6M+LUOHtHrMwBt7I1K5lRxtDGbU9MXjq91lUouEXzP7XEqp0j3G5DV3IuF8Ka2xps3iSr/lyvle3D/25q+VJDb+ZWIOOJSR2lCLdWvXXdwphLh/Vsvi0qnPwZSEEwSPYeWqu4zrJbpeLcNqCGyF8LujxouxDUQztDopWuB5grwVZw3XwXyZZgPquaytrcLny/aMF9ncldS+jdnt9URcThzGv2pC9rtXMXbWbNNJRQiglQiEoIuEWBOl+SjOALkgeaKzJ1ULW6ogb7UzB/iUNqYHnuzxnycERtUFB3vZ73lqhUVBUOKkrEm6LGmd2SF7jyaV4EuLpS74nEr2uMufHhM7mbhq8S03P4rphHPkrpU8mVhPQL6PhDcuE01/7sL5gx1m266L6nRDJRQM6RN/JdI8+awpusVK05ihSoQFClQoMbIslid1BCIiAoREBERFFKhSgIiIChSoQUMSOWekO57bVXnbdfBU8SAHYOPKUK6RfZBi1SptZQg8P6S+Bm8U4X65RRj9qUrfs7adq3mw+PMf9V+eyC0kEEEaEHkv14vjHpg4J9VqDxLh8YEMptWMaAMrydH/AD5+OvPTpjl9JY+VIiLoyIiICIiAiIgIiICIiAiIgIiICIiAiIgIiIC9r6MeDHcUY4Kmqj/o2iIdKSNJHcmfqfDzC8phmG1WL4lT4fRxmSeoflY0fifIDX5L9PcNcP0nDOB0+F0jRaJt3vtrI87uPz/CwWcrqLHUa1rWhrQAALADkpRFxaEUoghSihESihSghSiICIiAiIghFKhVXLx4/u8LPilAVYaHXZWMbIMlK3rISq5Ueji9F1CWRHYBsbISbrF72xsLnGwAJK5zBUYheQyuhhv9mxh1PilFDjUZsDuAdHgnRee4WhEuIOkcLiNmi9Fj9DU/siURTumaBdzX7rj8Gx3NS+3QLNv+WZP9PTMjtpqVujaGuNgBdSxq2huUXsuDttnG3W62PnjiF3va0DqVxMYx6mwyldM+VmVvtNzWPyXz9/GWI4nWyxYPQPmbILAP1t4reOFrlnnI+uNr6Yj+M0jqNVsFTC4XDxZfHKh3FWFRtjmqxC6TUQt1cPktcXF3E1A5rXyh9vckbut/rrn+z7fYpQHDMwg+IK5tVTRTgslja+/xDVeRwb0iU1RK2DE4HUUrjYSs1Z8wvYRzNnANwS8Xa9pu148FzyxuLthlL014PhdPh1XJLCXASbg7LvA6Llx3a7yK6ETrtUlq5SRtRAirAsHFZFYO2Qjm41irMLpO2cMztmNHMrwlRj2IVcjh2kgDvdaCvc4hS09VI0zMD8uwOy0Mo4GEZIY2nwCTLTVwteJbTV1RrkmI8QtzMJrzqKWT62/Ve/gpyQO7YK62myi9lry/453CT7fNmx4pRHMxtTFbk0khW6bi/EKZ+WpLZmjkRZwXvnwtLfZB8wuZX4HRVsZbJTtJPMCxCeUWY/xhheN0+KR3jdZ43YdwukNV4OswSuwCpbW0TnSxMNyOYC9nhlZHX0MdRGb5hr4FZs/jWNv221MQlpZYyLhzSF89ZoXA6EOIX0cgbHmvn1bF2WIVEQ0s8lbwY5GymHaVUEXxyNH4r6vG3K1rR7osvl+AU5qsepY9wHZj4WX1ID8CurzZVKlQibYSiImwUKUQQsTusisbKCFClEEIiICIiAiIglFCIqVClQg5+MA+rxO6StXQCo4v/VGeEjVeGwQFClEELVVUsFbSyUtVCyaCVpa+N4uHA8iFtRB+ZuOeE5+EeIJKQtcaSW8lLKffZ08xsfkeYXnF+meOuFIuLeHpaTRlVFeSmkI2eBsdL2OxsvzTNDLTTvgnjdHLG4texwsWkbghdsbuM2MERFpBERAREQEREBERAREQEREBERAREQERek4D4WfxXxNBRuuKWL7WpeBswHbzO3zvyQfSvQ3wicPw93EVZFlnq25aYH3YtDm/xH8B4r6esY42RRtjjaGsYA1oHIBZLhbutCIigKVClARFCCUUKQgIhS9kBEvdEBERAUKUVHFxg3xGkZ0DnLWssUP9M07ekJUOHdUerj+KEKhEdFPFnObQSZd3Wb9VzmtkdO5oc5jYxlaulin9RcehB/FVqiMxQSzX37w+ixmsIqn1iN9LMcxewgO66LjcK0/YCsaQRaawuujFC40sZGjwA5p8d1GDua91U61iZdVjfWls7jrMboFrrDWtj/cqdkr/AL78oW9gst7TZZWvluNcL47ieMRS4y1kVGX97snEho8V9TwHhTCMDw9ppImPszMHkakWWbg17Mr2BzTuDsogbLRRuZTP+zdcdm/UC/RejDkmtV5s+K3uPlNTjbJeIK6tmhdLlkLYxyaAqlLiPD1ZS1tRikr2VmvYsA0XbqeEMUpK6olFOKiKV5dlbyuvLYpwfOawuihmiadXNLNlccsdmeGXj05MF6hrxq4jVptsvpfCTZ6Gmpaape+SmrG5oXu3Y/ovJRYP6hTERxyPkeLewV9SjoKc8K0cBkHrFKxrxYag7qWzJO8dLToXx6PGo3Vin2WeYVVHHKN3NBN0jblXCzT0S7jaEUtR2iiMStEr8oW4qrI0yPsjUis8tGZ7yGtG5JWBe4QmYMbHGNTJM4NCwxN/qeQuZ280mkEA5nqV4TEYazH+IzhtfiTmNYPtGtdlazwW8cLWM+TXp693FeFU0hbJjtG224aM34re3jPCsuZuLUb7cr2J+S+dRcBOxB1dNhssctLRGz3HnYLzRgppo3ZDYt0IC6eEcfK197hxylmYyQnIx/suOgPkrgkZK0OaQQdivjkWB8QYdhVPjeF1DqulAuYnahp5iy9ZwhxbTYmwRfaMrW+3CdlnLj123jnPT2b4WSCzmgg7+K59DhzsNqpGwi9NKcwaT7J5rqMkEkYcABfl0RwuFzdWu+nhdeIx1gZjU1udivc5btXh+IX2x54+4FrC9sZ+nU4Hpu1xiao5Qx2+ZXv7km68twHThmEy1JHemkt9F6gbrq8l9skUKVUFKhSgKFKhARFCgg7qFJ3RBChSiCEUlQgIiICHZFKKgKURBRxj+pf4m/mrrfZHkqeL/wBRd/MPzVxnst8kBFKhAUKUQQvjPpm4QFPUN4loYLRSkMrMg0D+Tz0vsT1tzOv2ZV8RoKfFMPnoKuMSQVDCx7T0P6qy6qV+S0XU4kwKp4bx6qwqpBzQv7j7aPYdWuHmP1C5a7siIiAiIgIiICIiAiIgIiICIiAiIgL9GejPhNvDHDTHzMtXVtpZyd2j3WeFh+JK+U+irhgcQcUtqJ481Hh2WaS+znX7jfqL26Ar9DrnnfpYKEUrmoiIgIpRBCIiApChSEBERARCoQSihSgIiIOBX64877sIH4rJx7q11JzY3Uu+FjAskevD4iKERthPH2lO+Mj2mmy5U0hkwUtPtM7h+q7Frrl1MJZUTw37s7c7f5gs5RYirkFNGLA32A6lVcEc4T1TXbl4Jt5LZUytndTnc5bla8Hv63VnxauTp7d1vJbmrQ03WwGyi2NwNlOay0ZrJmuqz4txetUtQ1vuX+V0BuptdCxpM7ie7TX8wrMIc4XexrfAKAAFkjNjY51xYBYrEbqcwaNURuh3UzkZtFo7VgIGbdSXh2zhvZDQpYA25tcrFAbKGmGHRU0WIS19a89uSWx5h3WN8PFfLcTw9tZxVigL3APkJjdawK+pS9o4XYQCOR2Kq/usxMdZRMDjzI0PzXWZ9acv197fD5G49hHb0dPPURwzmz2xHSRbKHA6inpH1VSHRn3Wncr7NPwzhNTqxjo/Fj1zqngWiqdHV1TkGwJWv2dE45Lte9GtE+Lg6Pt9WSvc4Nk6FeD41w6PC+MGVfD7TJJfNJHG0kXvsvosOGCGkZTOqpXxMblDS+34K1T0dLTj7KFjT1tqVf2zTP6rvbncP4u3EqVplh9WqbWdG5mWy65CdmwvDsjQQsjrysuNu3WNRFtV84xt7p8cnaz2iQ0fNfRpjkie7oCvGYPgv7Sr5K2oJDBISAmN0ZTce6wOGOiwmnpGvGZjRceK6Y2XDjpqdoyNOV42IcunQzPkicyTV8TspPXousu3mzx0sjdZLFFpzZKVipQSoREBYndSoO6AoRDsoCKAiAiIgIoUoCIiCUREVUxNmahePEKyz2B5BaMQ/qUvkFuh/hM/lCDNQiICIiCERER849MHCQxbBhjlKz97oG/agf2kXP5jfyv4L4Uv11JGyWN0cjA9jwWua4XBB3BX5l444aPCvE9Rh7cxp3faU7nbmM7fMaj5LphfpK8+iIuiCIiAiIgIiICIiAiIgIiICIvZ+ivh1+O8YQTPjJpcPtUSusbXB7jb9SdfJp6KW6H2L0ecNHhjhOnppo8lXP8AbVIvch5G3yFh53XqERcGkFSERARRdSgIiICIiApChSEBQpKhAUqERUoiKgiIoPPSAHE6x33wPoFK1xuz1NW7rOVuynkLo9eHxYqVNrboEbQAqmKRkU4naO9A4OHiOaurCQdpG5jtQ4EfJB5iRrjK7sjY/wASPyO4W/BH556p22rQfooihLvsybPgdb5LbhYDKqrsLDONlx+3SenYabgLK61t2WamnWRJN1mXtyABa0AQ0zbspChAiWMlkFhdJJBFHmcjFjZdHDMFre/7EuG5GgUxuvG3NvbVGdNnq8Zscqw9WDW/ZnW5KtRuj7LxC0l3REQiytoteYWuDzUIz3CFgeLHXzWIcssysLGTImt20Pgs3X5rAP03UF6qaSSozarAu1UXuo1MW7MsgbrS1bG7olmmnEZexw+aS1yGkDzK5NE15p2UsBtlbeR/U9FfxUdv6vRtdZ0r7u8gpoY2sMsOXVpOvVViNNG1oEdrl2e17rtYa4unqzyDgFz6el7AB79m3K6eFxllJncLOlcXH9FvBy5dLg3UqBupW3mFKhFRKhEQQilQoIRCouEBERAUKUQQiIglBuiIJRERWitGailH3VnB/Bj/AJQsav8Aqk38qmn/AKvF/IEGxEuiAiIghQVKIiF4D0vcNDGeGf2lCy9Vhl5NOcZ9sfKwPyPVfQLKHMa9hY9oc1wsQRcEKzqj8iIu7xpw+7hnimsw6xEQdngNt43at+m3yXCXdkREQEREBERAREQEREBERAX6H9E/DxwPg+KolZlqMRtUP2uGkdwfTX5r4nwZgn+0XFlBhpAMckmaW+2RozO/AW+a/UTWNY0NaAGtFgByC5536WCKUXNoUKVCCLKURAREQEREQREQEREUREQFKhSgKDoCVKwlOWF56NKDzlJq2V3xSuP4q3G8M3F1UoL+psJ3JJP1W+6PZj6S7VQl0RpKboFlYWQcatjFPiHabMmFiejgtOGj7epPWRdmemZPE6OUXa5cbD2er1FVFmLrS7lc8p3tvC/TqNOizC1sWwLO3baQsrKAApUNiXQrW+W2g1KJttabmy0YkyQ0pMergb26qzDGbZnb/kttr7o52vPVeLvZG17aaSQ21DeS20OKxSt3IPNrtwunPRxuvYWJ6LkT4cY5hJkseoUWWOrHVscN7LI1ULBdzwB1Oi5rY3ALWaH1hxMmZ55A7IWR2oa+nmbZjg625abrRSTCbti03a1+iowYN2bCyIGEP3IK6dPTMpacRRiwHzujOtJuRpdMxWpzy11ipDrqx1kbMx6qQ8ZhmK1k6purtbi2uc0u7o0U3C1BbG6qGmY30W0Aha26KKmUQ075CfZGyOOTny3mq56kHSEBrf1V5uUdm5ujpCNedlxqaY1EbaaHaUkyycgOi6MUoZI6pOrWdyJvUrU7cl+QOmnbSN1zavPQdF1Q0MaGjYCyp4dTOijM038aXV33R0V1dJNPLnlug3UqBupVYERFQUXS6KBdQiIIIuFAFgslCKIgRAUKSoRBSoUoCIpRRERBqqRemlHVqil1pYv5Qsqg/YPI+ErCi1o4r/AEG6yKL6qUBEUICFEVAImyAoj5l6a+H/XMEp8bijvLQuySkD+zcefk63+Yr4gv1tXUcGI0FRRVLA+GojdHI08wRYr8qYvh0mEYvV4dL7dNM6MnrY2XTC/SVUREW0EREBERAREQEREBEWUcbpZWxsF3PIaPMoPsfoNwMMpK7HZI+/I71eFx+EWLrfO30X1lcvhrB2YBw5Q4Wy37tCGuIG7jq4/MkldRcLd1sREUEIpUIIJQEqbINEBFKICIiIKFKIIRSiKIiICIiAtFU4tpJXdGH8lvVXEnZMNqHDkwqrHEoxajiv8ACtywgH7tGPuhbchtdR7IxU2SymxRWOyXKkhRZESN91xHXjxaqb1Icu24tYwvcbNA3XBqpw/FhI1pDJWZQ48yFnL01je3SiN2hbwqsDriytMC5OtrMBLKQFllRnbU7QaJFBc53KZLRxue42DRdUqXiCgnzNLzEWGxDxa6JcunWGyk7KsK6lIu2dhHmodiVIDYSglNM91Z05rFzQ7QgHzVcYjTnYkrB9dD2gNyqmqsmGMDVoWQaALAaKpJXROI74CsMnjk9l4Re2xSVAI+XVSom1WpZduZu4WiOQOV5w0IXPlZ2E1x7Lijthk3jULIbLBhuFssjpUgLYxqwaFuYEZt6bY4sxVHGGtNO2B5t2hsfJX2uI52VWRjajEhmGZsLb+RKRwqnDSdoGtYzs4WC19tF0MNphPOJsv2EOkYPM9VjMHTzNo4jq72yPdauzFE2GJsbBZrRYLpjHn5M/qMroiLbzpS6hEE3S6IqCKEUBEUICJfVEUREQEREBEREFKhEVKIdlAud0GEw+xePula6E3o4v5Qt0usT/IrVRaUcVhcAAXQbiER742e29rfMhVJsWw+D26pg8jdXVNrahcmXibDmC7HSS/ysVSTiy9+ww+Z/Qu7oWphl/B6IWS3P8F5F/EeLyn7KGCnB5uOYrXNX4vIy8le5g+42y1OLJNvZOsBv9dFpNVTR3z1EY83BeLfKwsvV4jI8cw6W34KlJiGDwO0kjJ8Bcrc4f6be2lx7DITZ1U0no3VfE/S7TUc2PxYzQtkDatgbPmbYF7RYEebbD5eK9ocfobWjhlkJ+GNcHitlZjmAzwR4dNaO0rHHkW+HlcfNbnFIm3ylERYQREQEREBERAREQF7D0W4I3GuOKPtWF0FHepf5t9kf5svmAV49fbfQfghpsFrMalZZ9XJ2UJI9xu5Hm4kf4VnK6ix9RREXFoREQEREBEREEREBEUIJuihSEBERARERRERAVHGDlwmfxCvFc3H3Wwlw+JwH4qrPajC20LB0aFsvpZYtHcaPALLe+qj2QS6xLw0XcQ0DqtHrWfSCN8x6tFh9SiWyLZAy3utL5GRDNI4NHisBHXSCzjHC3wNysJaZkTB/bTPNml3LxVc7yRqilOIyklpbTxm3e0zFV8aivAyQADsXX06dF0gBDFYHbrzXPf++VPYkdwC7li9szK72Usgc1rgbg6q+3ZcimaYKmSmcdWG7b82rqQvuFy1p65dzbe0XWwBYNWwIzRzGubZwBHRUcSwqlraKSJ0Lb20LRYgq/dQdRbqiPhuNCvwvEzFFUPY1x7uvNdCilxFrAZKxxJ5WXpuLeHW1VQZY299hzt036riUsJlkykagWI6LruWN446ybYq+vj/AO8u+YVlnEFfFvkkHjotnqDcvsE2VeWgN+62yjrqrLuJZS27qck+DlgzifI674ZGfy6qmcMmfubfJP2RK63fF+iGq9DR8Xs0/eWkfC8WXZg4ow+QDtZWsPnovndZhsjIXMkZckd0gari0tLNV1DaeFri4mxsdk1HPKf19oOM4cWg+uRa/eSSSOpjD43hzDsQuTw/wlQU+Ht9bgEkrhqXFdqmoYqWLsohZnIdFiyMy6RG0gALcApyW0CkCyjp5JaFsasAtgG6M2si4NaXHYC5Wmipq18bpWMY3tnZg4uuQFhWP7rIQbGVwB8Au3G0RxtY22VoAaQumMeXly76aqOjbSRkXzSO1e881Y5+HRPJFt5r2IiICIiBdLoiAiIgKFKhAtqiIgIiICIiAiIiiIgQSiIgxk/huHgVxMXklj4dZ2LyxxeG3C7b/wCGfJcPG8owGO396PzVx9webkqaeAhtTOcx5OcVofi2HRnufaeTbrTNFFLxRStkYHNMZ0K7raWnj9mFg8gvdIw437aJIFPQzO6XbYI6bF6jWKkEd/iK7rbNIsALeCl5Lzqtdm3DFFjUwAkqY4h90arc3AZJdKjEJpPAHRdbKOSC7TorocxnDuHsPejc89XOJVlmGUUejaaMf4VavdE0MWxRsFmsa3yCyIBaWkAg6G/NFKD4BxJhjsH4graFw0jkJZ4sOrfwIXMX0L0sYWY6ujxRje7K0wvPiNR+F/ovnq82U1QREUBERAREQEREBfqbhHDRhHCeGUOXKY6dpcC2xzEXNx1uSvzrwVg/7d4ww2gdH2kLp2vmaQSDG3vOBttcC3zX6iXPOrBERc1EREUREQEREQREQFCIgKURAREQEREUREQFyuIHWoWN+KRoXVXF4ieA2laTb7S5VXH21C2XfktbJZaiTsqVmc37zjsFjBBNikmVt46VntPG7vJdqniihPYxMDWgbDmrI7Z8muo1QYRGCH1LjO7kD7IWdW0MADBlHQK6BZVK1p0WvUefdtUXHU8gN1XhvNK+Y7DRizqiRFlb7TzlC2BgggawchqsNKlU8C45ALTRxdnTulcO9IfwSoa6R2QbuNvkrNTaKEN2AFllpz5aT1t8kzbiWL2HdeoSkqhINdHN0c08laoARAH8ySQuVjJdBiEUtOLOLbuaOazlOnbiyu9O9G8OGnNbQVx6KvZMwFrttx0XSZKCL3XJ6LG9FAdosgqx6Va2lE8YIF3N/JeYrsHAm9co22kHtN5FexVKspdTJENebVZW8cu9PKtrWubklHZSDQtI3Ugg620XUnpoaju1EQcTpqNVXOAwO1illj8GuWnplaGhp5BbGOigOZ+X/EpPDcls7q6UN6ArJuE0jT3887ujzdEt25k7ZsRnLaVnd5vIsAuzgPDdNRjtAwXJu51tSV0aPDhoXtDWDZg0C6eUBoa0WA2Clrhnl9IA6aJZTqiy5MSNVFlkd0sVWpUNCyPdvc2WsyhmpNlqhY7FKgRNJEDTd7vi8Akm0yy8Yu4fTCpc6qkbdpGWO/TqrL2Ooe/GS6Hm0+6rTHRttG3QAWA5BbLAjUXG1jzXowuOU/y8OVtvbWxzXsD2m7TqCpVbJ6jNkH8B50+4f9FZ5qWaQREUBLIpsgiyWUoghERAUKVCAiIgIiICIiKIl0QFF7HZSltUEg3REQQ8dwjwXAxex4eHhIPzXfee6VwMXH/8ff4SX/4lrH3D6eTns3iShN/cIXeuuFWG2P4edNiF29V74wzRBsioaogdl5KS65ugjYoihBNrqbaXUX0S+iDzXH9A3EOEaru3fT2mYehbv/wkj5r4mv0ZPCyop5IJRdkjS1w8CLFfnqupX0NdPSS+3BI6N1uoNlx5J2NCIi5giIgIiICIiD6b6DsM9Z4hrsSIGWjgDBrqHPJtpz0a78F9xXzj0JYY2l4TqK8ttJW1B73VjBYD6l31X0dccvbUQilQsqIiIClQmqCUUIglQiICIiIIiIJRQiKlERARE3QFxMTpDjGIQwRvtDTm8rhz8F0q2Z7GiGPWWXRvgOq20dKylgbEwa7knmeq1IbIoWwxiNgDWgWACr05vWSN6aK85q51Ec1dUHo4LTMdC1lXqm3AVkhaqhvcJ6K0jkhna1/VsQv8ypqri4VmgjBY+Xcvd+Cymi72oWLFlcunhPaGV3SwC1V5JYRyXSLLXsLLlzyZ+1I1axpF/FZbbqdtqaMdAuLjOmJQ35sNvBdyAWp4x90LiY40iup3dQQFMvTpxfKObUZ4T6xB3ZAdRycF06DEmzi3syDdh/RUnMzsynmLLRAztGlpOSWPZw3XB7rHqopwRa6tMcLLy8VbLE9on3+IbFdyjqmTRghwIPNGLF9YPBdspvol1WfTnzw33Zc9VqawN0LSuwGh2hCk07DyRrz05TWRkWcHH5qxBHE3VsevUq0YGD3UDANgqlz2A8lNroAgICVgIssSpc4dVVnqWRAuc4Bo5lRZFgkctVpmqY4W5pHgAdTuuPU425zhHSxl5JsHnQBGw2BlneZZNtdgi/W3To6KfGG9qXmKlvYC3ecutRULqEdkJC5rj3fBW8OpzBQQxkC+ULYdalreguvVMJrTw5521WmZM2P7IAuB0VikkdJD375hoQtzbA3smg2ss8fFjhOmLbaxkYJY3McBYhVadzo3Op36lmx6hWyQN9lXqoyWiZh70eo8R0XTKDYNRdFjG8SRteBo4X8lkuSiXREBERARERRQiICKFKAiIgIhUIIIWQUXspCApUKUBEUIB1C4eMa4HUW2D/1XbXExfTA6r+ZXH3B4+uNsaw53K9l3VwcRcBimHH7wXeG6+jGGV0UWUoBUqEQEREBERAXxTj+jNLxTNJls2oaJB48j+S+13281829KWGuNFQYqxndE0lPI/NsTZzBb5PXLk9RXzhERckEREBERARFuo6WWurYKOAAy1EjY2AmwLnGw/EoP01wPRfs/gnCKfn6qx50tq4Zv1XeWEcbIY2xRMaxjAGta0WDQNgByCyXnbSoREBQpRBAUoiAilEEIiICIiAiIgIiIJCIiCEcQ1pcTYDdTfn0VGsmzudAzcavtyUytk6VlR/b1ElS4bd1g6BXmqtTMyQNb+Sst0XTDeu2b7Zu1C5mHt/eKh3310nHK0k6WF1Sw5lo3POmdxK0i4tNWbUzzzst6q1h7R0cI943KDOmYGQMba1hqokYDdb2jRYyN00SwcnEH9jDp7Tu61c6SMR0bmjmCSfFWq95lrg0atYPxWMkBMD7/AA2XNtjTm9NGfuhcjiAEOpn/AH7Lq0fepGeGi5/ELD6i2QD2HgqX03hf9RzQLhapoyx4mYO8NHeIW9oWQbc2K8z6SGiOWOxAc13VaAZMOeHw5nQn2mfCs8picSwEsJ26LYHZtbptLNurQ4iyeIODhYq+1+YaLyZhkhkMtKbE6uadnLoUeLMzBsl4nnTKearNxehY5bA/TdUI6wFtyRYraKlllZXO4rBKKv6yxapK5kYu5waOpKHitl1uarT1kcILnOAHUrk1OMySkspWdofj2Cq9i+VwkqpO0d8IPdCNeK7Li0k7i2mYXD4jsqc7BbtayQyu92O9mqX1TI/s2AFx2a1TBTvfJ21RYv8AdHIKNSFPE4O7aQWJ0a0DRoV2jiNVXwU24JzG3QLB1spvtbUld7h2gdHE+skbZ8/sA8mreGO65c2cxx07jbAADbktEHfle87bApUS9nFZu7zlaFnG0RxtZzG69b5zPySykIioWqRjhrH9CtxUfOyCjC4Mmcw3bnOYNPIqysKqmFQwFvdkbs5Y08xlGRwtIz2m/qsZRY2onJQsAiIiiIiAiIgIiICIiAoUogi11IREBSoRBKhEQFxMXOfBK0WtYldtcTFP+x8Q+aT3CvEYkf33Dncs4XowvN4obTYd/wCY1elba+q+jGEopKhUEUodkEc0UoghCpUIIXB41ofXfRvihysLqaobMC7dtjY28bEj5rvnZH0ZxHhPHaNkXaySwytYy17uynL+Nly5fSx+b0RFyQREQEREBel9HVF6/wAeYVEYhI1k3aOB5BoJv8rXXml770MUhqOPBKHW9VpZJSOt7Mt/x/gpfQ+/qVCLg2lQig7IJRApQQiIiJRQiKlQiIJUIiIlFCIqUUKQgIiwllZDE6R/stCDVWVHYRgNbme7Ro6rS2HsYAwm8kjrvPUqKdjqiY1k3tH2GfCFujBlqHPI7segW5Eb2gXFthot9tFqaFsC1Eaa5+Smeb6nQKaVgjha09Fpr+9JDF966sN0aqEr2sBc46BaaeNz5DM/2nbDoE/jv19hp+pVpoDWqImyrzTEEsibndbfkFmSZjlYbMG5UuYI2ENGnXqlV52ma6Spmc83Oey6boPs7dVVw9l6qoHST9F1zHdnyWZFtcGhZaN7fheQtGM05lwuoaPhuPkunDDkr6iLrZy2S0we1zDs4EFLFl7eLhOaJrurQs1jHH2XaQneOQt+SzsvJfb6mN3GJ2WIFtFsIUWWWmKh8TJB32ArZZLKjQ2ndGfsZXx+F7rPNWDQVAPm1bLKbIjVerO9SR/K1QKZhOaUukPV5ut9llZDTEAgWYz9FiYnv9p+UdGrcpsg1xwsjF2jveK3D6LGys0GHy4lLkZdsTT339fAKybrGeUxm634XhzsRqO9cQRm7j8R6L1dmtZYANY0cuQWFNTspoWwwgMa1apZPWZTAx1mt9s9fBezHHUfOzzud2wYe2mM5/hjRg/VWAb7rFzQ1oa0WA2CNV+2G5SFg1Z3sFQKi61PedlLb7oNNY2ZpE0Nzl93qtU4dIGTxtLJQL26q+DcLVKwnUbrly+WulmttUMzZ4w4aEe0OhWxVJon0r/W4x3bWkb4dVaY8SNa9uxCk3rtalEQoCKApQERCghFAGqmyApUIglFCkICIiIIh3UIqUREBcXEx/RWI/P8l2lyK5lsPxG/T9FZ7K8LioGWgcf7xq9EF5rGiRTUZ/3rfzXpGu7q+hGGwC6bKDsg2VEoiIJAQqEQFClClEWuulw7/wB7/wDMXN6ea6PDpIkq2dHD8ly5fi1H5sxyiGG49X0TQQ2nqZI236BxA/BUV6j0lUxpeP8AFWkAZ5RIAByLQV5dcYyIiKgiIgL6x6B6SJ9djNa5p7WKKKJjujXFxcPqxq+Tr7f6CgP9nMSdbU1YF/8AAFnL0sfT0RFxUUKUQEREEIiICIiApREBQpUICkKEQSiIgeK587vXazsgfsYDdw6nordVKIKWSX4GkjzVGgZ2VIy+7u+7zOq1BakeWMys3OgC3ws7OINtrz81WhtLKZj7LdGreZgtxFgbItbH3C2AqihUP/pKMdGKw4l7LArn1D7YsP8AylfhN2rP2N0YDGgLF7jI7I3YbrF8l3CJurjz6BbQ0MbYLSJaQ0ZRsjxdpCxBWVrqK5dIy1bUDqQV1G6hUmDLXPHVqut2SFUp2dniMEnJ4LD+isPZffdY4g0mnDhuxwcFuJEjA4e8LojxWLwGkxyUj2Zmh4VVzi4k9V3eKqcinhqh/ZusfIrgA3Xk5JrLb6XBlvEUoEXN3EUogBSN0TmiMlKAKAczskQMjujBdXtLZPaQsgQCANSdmjUlXqPh+uqSDUubSxn3Rq8/Nd+gwijoB9jHd/N7tyuuPFa8+f5EnpxqLAp6siSp+xhPue85ejhgjp4mxRNa1rdgtjnNa3M82sq7pJKk5Iu5Hzf1Xoxxk9PHlncu6STOld2MG59p3RSaaLswzmPeG91tjiZAzKwWCxN76rTCuRPEbG0reRB1CetNadWOPkFYA1VKvlMDC8NzLnn5Sf5an/V2CdkwzN+iykdYaKjG60cVRbLfSy3vcXOIC1jb49pRoL3XK32sojYGtUuVGQ2UHZQ1SdlRGhFjsuUY58PqH9kS+B+uQ7tXVtfRYTMzs8RsoNcM0c0Yc0g9b7hZqpNE9o9ZpR3/AH2cnKucdhOkUEzyNHNy2AKxcabjpouS7Fa538PDrfzyALH1/GDtTU7fN5KvjU8o7CLj+vYwN6emP+IqRiOKtHeooSPuyJ4U8o66LlDFqto+1w2S3Vr7rIY7TgXlp6mPzZdTwq+UdNFSixnD5dBUtB+8LFW2SxPF2PYR1DlFSRdALLLdQ5wY0lxAHUmyaBCqE2MU0RyU4fUSdIxpfzVN0+J1TiZZG0rD7sYu75lWY2pbI7aLz/7OjcbvllLuTi7bxXRwiplljlgqHF0tO7LmPMclcsLjNpjlKvqURYbFzcTYDhtd4xn8l0lzqv8Aq1ePuforPaPneKj+j6Xwe3816Vg7oPULz2Ix9phcRJ2e3816CL2R5BfQjLNFJUDZUSiiyIJ5qUUICIiCHGwXR4fblqKvxyrnEXC6GAX9cqhf3G6LlzfFXx30z0op+O+1/wDmKSOT6Fzf+VeBX1b0704biOD1POSGWP8Aylp/5l8pXHH0lERFQREQF949CVP2XB081rdtVuN+tgAvg6+z+jGOth4Qhlpawx5pnnIRdp1t+ilxuXUWPq6LgRcQVNPZuIUt285Ytvou1TVdPWRiSCVr2nnfUfJcssbj7abUTYKFlEooO6IJREQEREBERAUIiApUKQgIiIKWMXGE1JHwFV2OLoY2N3e0K/Wx9tRTR/Ewj8FzMOd2scMgPsty/MLUHVbDkha0KvI0sKvs1atFXEXREt3C3pGmKS2l1aYbrkxVBY/K87rpQPuFIVy654jxiInZzC1XoZQI83ILn8QxuY6GpZpkdY28VtpX9tHCwHQm7k+z6dOmYcpkcO85bn7LFhUu9krSNTHXct7dlUYe+rbVIqnJ3a5p6tVqNVqoWqIn+NlujdrZEbXtD2lh2doq1A68TonHvRuLVZuqDneq4rfZkwt81RtxOkbXUEsB95pt5rwcQcBZ3tN7pHiF9HI066rxeL0XqeLzNt9nN9ozz5rjzY7m3q/Gz1dKCkKSPJYdtHfI0F7ujASV5pNvdcpGYCmysU2GYlUi8dKWNPvSaLow8KSvsausI6tjFvxW5x5Vxy58Y4csjIheR4b5lb6WmrK43pKR5b8bxlb+K9TR8P4dR2cynD3/ABSaldEAMbawDR8l0nF/XDL8m31HnaThhz7OrqjN/u4tF3KahpqNobBAxtveG6SVcLDYEud0asHTzSCzWiIfE7Vd5jI82WWV9rJc1vtENWj1kyOyU8ZkI97YBGUkbiHySGbz2VkANFmgAdAqyrtp3OOaeTMeg2VgABoAFh0UrFxQQ43WI8UuhIAulEk2C1PiZOwsfseiyJNllHooNFUGsijjZtcWUxNLjdKjvTMHTVb2CzUVlyssHLJYkqogbrM7LBpu5ZqKhERVGpoMU2UHuv8AwVHEKR8DjV04Jt/Fb8QXQeMzdOS2AhzRfVC9uRHI2Rgew3BWS1ywigqSwfwJj3Dyaei2rrLtxs1UIiKoJcoiDVJTwS6SQsd5haThlIPZaYz911lbUWTRtUNC8exVzsH8y1OpibGodPMB1douhuiah5VXhfTNGSNvZ+FrIXOlcWNNmDcraWNce80FMoDSGgBNI1MeCwhuw081OGm2NVAHvxNJ+pWineC0tOhat2Ct7asqqvkCIm/JY5Pi3h7dpFCleZ3Fzp2n9+B5x/oV0FQlN56tnWIH81Z7HzzEDfCG8rOH5r0MBvG3yC89iLSMII3s79V6Cl1p4z9wfkvoRluREVBERATREQToo5ohQFcwLu4jM34owVU6K3g7v6VI+KJcuX4jw/p3hDsPwee2rJZGX8w0/wDKvjS+3+nT/wCG8O/+s/5HL4guGPpaIiLSCIiAvuXo1bbgmjv7znn/AIivhq+6ej10reCMO+zztyvtbf8AiOXTj9rHqh0KqupXwTesUMnYS82+6/wK3esMAsWPB8lPrMXO48wulkvtp0cLxiOu+xmb2NSz24zz8QuidBc6a815iqp46oCSOTJOz2ZBoVrj7aqbkqqiV0jdC29gfFee8N30PTuqKdntzMb5uCwNdSD/ALzF/mXBGH0vOIOP3jdZeo0v9wz6J+j/AKO8KymcRaeM+TgsxLGdnt/zBed/Z9J/cNHkFBw6n91rh5OIT9NHphY8wpt0Xl/UWjaonH/3CpFNKPZrqlv+Mqfpo9NZNei80GVrPYxOf56rMS4ozbEAf5owp+nIeiRefFbjDde1gkHi2yyGL4qz2qSnk/lksVP15fwd5Fw28Q1DP4+FyD+R4KsR8RYe7+I6aA9JI9PwWbhlB1EOy0w1tLUC8NRG/wDlK2SyNhjMj3WaBcnos6RWxOrbQ0T5HavPda3qTouVhYNLK6je4752/PcKQX4jUetyi0LXfYt625rZVxOeGzRj7SPUeI6KwduJ122WywIsdlz8Pq2Txh7T4EdCugBcXW5UceshyvII05JS1Do3CN58iulVQCWO43C5MkeVxBFrc1KsX62FtXRvjOulx5rgYZUGGodE46s3v0Xao6nQxvOvLxXGxqlfBUGrp23PvAcwpaR6WF+YfjdbXatK4uBVvrNFG4nbQrtAjLotS7iKbDaQ36q5GbhUjpMQeqtxHRIVrrm/Zhw3aQUYe9cLdMwSROHguf8AtCnjYAXF79skYzElB0b8153iWtno5IXENMIdcOtqCugH4jUmzWspozzdq9ZHB4JCHVTn1BBv9pt9EGVPi8ElPG9uZ73C5a0X1VPEqKpxcRhkIp8h0e862K7EcccQtG0MaOgtZYyVMEbrukaT4alCWz04kHCVKHA1c8lQel7NXYp6Cko25aeBkY8rlR6zJLpDTOPi82CdjVSD7SYMHRg/VTUW5WrDnMZ7bg0feK1Oq4tmBzz90Iyihbq4GR3VxutwY1os1ob5BajKvnqn+zE2IdXm5T1Qv708zpPu7BWttlG6Co9jI32YwABt/NHgxxNl7QkixI5Fbpo3Os5m4C0ZS7QU7845E91BugIL3tA0G3gty1Qs7JpLj3nbrO6CS5anPF7c1LrlYmw80DUb/RBruoALitjhYJRrdclbW7LWBcrbsFBXtnq/AKzZaYLGSR3jZbiVRB0C1vdYErM7LS7U2Kis4wbBx5rYsWaCyyQFCIqibAIABsFKmyDRWUzaundE7QkaHoeq5VO9xa6KW4liOV1+fiu5ZcrFYjC4VrG3t3ZAOYWsbqplNxiigEEBzTdp2Km4va66OIiKEBERUEKIUEJa+yBTyKI5Li6MmZvumxHVdLhwh2FuPPtn3+qq2tLK1wuLrPBJm0dTNQP0Eju0iPW/JcuTenTC9u4pUcuem6LzuwqDv+0agf7gfqr6oEH9rS/egSK8BiA/ouTwcfzXaoyTSQkfAPyXGxA/0XOOeZ35rr4ab0EHjGPyX0MWat2uUIsbKCi0gl7ck80QL3ROaIJRAioXtZWcMcG4rH1LHBVitlEbYrTOvuS1c+T4jzPpxbfhigPw1n/I5fD1999MzQeBS7mKqP8AVfAl5sfS0REWkEREBfefR3/8C4b/ACv/AP8ARy+DL7p6NpM/BFCCfYLx/wAZP6reHtY9YNFO+6gFSuzTExsO7Qtb6e7szDZ3IlblJ1QYszWs4ajmskUoIQaIiCDqilQgWUgKFKKXUIiILBzQdCAR4rNYkIKzqGmc64jDXdWaFYtpZqmtioGVUr4nayNLtgFZdoL/AIrZw/aTE6yUm7mAMC58kmiujVxMiYxkYDWNFgByWMcXaQHqFsq+8sqP2bFedlxDIaCsztH2bj32r0NLO2WMOYbgi4K5eJwAPzAaHdaKKd1DIGPuYXeyfhXlx5bM/HJ0uMs6eitsq1TSiRpcN1vie17QQbi1wsh+C9bn6cGdjo363BGxUidtQwtcO8BYjqulXUwkiLhuFwnh7JA9ujm/iudiwwlvq1VUQbAOuAvQxPzWG3mvNyVUcVW2Y6B7PmSF0KaKorG55pHwwn2GNNifNWdFWauohglDnysHgTqso68yaU0D5L+8dAsoqekgN2QNzfEdStskxAteyu0anRVEwtUTZW/CwrbT09PALQxNHU81Ulro4zZz9eg1KMlnqB3B2bDzO6bHRc9jBcuA8ButfaSyfwmEeLlMUbWgEklw5lbgfmtIr+quf/FkJ8AbLbHTwx+xGAeq2DVSgIiIFh0UKUQQiguA3KguJ2QZZgN1iSTodlFlNkojndCsXPA2WBJKglzgjW3UNZdb2tACsVDWhrVg/RbHFa3alKg1ZnZYtGiyJ0Ug0U2z/wCYretNKNHg/EVYsqNbibLUd1udZYAXRWTbqUA0UoIQIpaEGVkREBYPa17XNcLtcLEFZ3UEIPPgPo55KR18vtRHq3p8lsabu3VzFaU1ELXx6SxG7fLmFQp3tlYHjTWx8F0xu3HKaWOSxz3dlAWuWYN0BF+axhc54IaLA+8VplZUIBYAXuioIURBCndLIQiK0sZbIX9TcqpUQmVgyOySNN2O6FdGQZmFUybJrZvVX8IxQVsboZO7UxaPaefiF0QvKVIkp5Y6+DSWA94D328wvT087KmBk0ZGV7QV5s8dV6MctxsVJ3/a/nArqqOH9Lx+MJCw28FiEYFDU3Omdy6OFG+HQO/3aoYgA6CrbuBI4K5hAJwmnJ+Be/H0zV7zQaJe5RaQREQEREBSFCkIIJURvEeI0rzoBJZZLXMXtdFJHGHuY8OsTa6znN42K5fpfqYp+A39mdRVxg/ivgq+uelnEamXhylgMDIYn1VzldcuOU7r5GvNJZ1SiIiqCIiAvs/oylLuEYmg+zK8fj/1XxhfYvRO7tOGns/u6h34gLfH7WPcR5jut42UADosrLu0WSyKVAREQQiKC4NFyQAglFj2jTrcW6rIG6BZERBCHa6KtXSlkYa3QnmgS1sUeg1KrvxF59loAVEkpmuitktZMR7S6XCct62rY4942cuO4WFydAF1uH6R9LWtqHgg1A28BsufJekruVR+1aDsVsphyWFe0iMSD3HXKygcM9xsdl5t9sq+OwdrTAAPJ5BvVUoKUsgbHMDe2oJXoiL2J1Wirpg9udntfms58cy9rLYo0M/YyeryO/lPVdXNcaLhTROdoO69mrSuhh1Z28fe0c3RwVnRe1x1iNQuPXU5ZJmA0K7DgSLhUMTeHUEzh7TGE26LVRxMPo21da+tmbeNhtE3lfqu4JLnfQKtSs7GjijaNm2WM8ojgcRvssq3Gd7yWQsvbd50AVWZk7yWyzHXZoXQgA7BjTroNVqqAWzB+llUc9rGQDM0B1t77rowSd1pHMX1VKct1y5bkWAG6sQsMcbB0Ciuix62tcFRY9b2PWkWhopWDDos1UEUFwbuViXOdsLDqgyJAG6wLydALeKBo359VKDHKL3OpU2tzUE2WJdogyLrLWXkqBcqQ26ggC6zDLqQ2yyGisGTWgBSUB0UEorFxUDdSUAQSodspWL9kRrpz9vK3yKsKrDpWPHVoKtEoNch5KGjkjtSsmhRUopRVGI1KzGiwae/l5hZool0UICFEQYPsGklcSsiFFWXbpDUC/kV2ZtGG6r4jTCpw5zLd4C7fMKy6Zs248URqZM8gPZt2HVXgBYADTktUErH07De2mo8VJmaNBqV1cWxFXfVsYLuIHzUNmllI7OM5T7xNlRZRQ0EDvG5UoCIiIgjRU5G2eQrpVWoFnA9UGkgEG+ui28OTGMT0DzrE/Mz+UrUq4mNFilLWf2bz2Up8DsVjObjpx3VepVSQ2xWE9Y3D8lcPXkqcg/pSn/kcvM7vD1wsawgWAe4qzgzicJg/lK1VjCfXwf71y2YKL4VD5H8178fTNXlN0ULSJREQE5onNAUhQiCVmbAArC6klFeC9LRP7Eov/qf+Ur5Svp/pclIosNizCzpHutzNgP9V8wXDP5IIiLAIiIC+u+hwD9hV/X1of8A4hfIl9P9DNQ0PxamdILkRPYy/TMHED5t/Bbw+Sz2+pW1UqApXdoUqFKgIiICxc0PFnDRZKEFV9Ll1ifl8DstJnkhdaVpaOvJdA6rFzczcp7wPIoNLKkGxJuOoW9rmuFwd1UkocpzwEt8OS0ieSJ9pGlv5IOkdCubiBJlAGtgrcdU14s4/NV67k5oRXPcLLDmsneK0yOsLjkpsXcNpTiFeyC32bTmkP6L1dVCGSQOa2wZ3R5Lm4FTjDMN7eYWllGZ3h0V0V7a2aNsQJaBckheXlz1janurcmWSNzCfaCp0zi0Frt2Gy3t0cFrrITA8VDb5Xe34eK8nDy3k30uePi6DHBzAQs7qpTS6W5EXCtBeqMK1RSNku5uhXMN6WpEoFg42eF3uV1VqaZswOm6ahtshkzNuqOMUL6mnc+AntANW/EFvpGujHZu5bK429rc0Rxo5WyQtcza2o6FUq14yMB954CuVzBRVWdotFMbO8CuPikuV0JB07QLFaj0kVrADkpqImOjOa+iwhN7FZ1D7QnxWkaWUY9uN5BO2ijsKlvwuCtU/wDDF+i2E6obUmiYbwn5FbY3PvrGR81YzBRmV0M2k2GiyOa2hstYdZZdoFRkGtGvNSTyWsyhazMBzU2jcXALF0gsqzpSTujQ95HRNjaX3QaqWwnmtgYkGICkCyzDLKcquhhyJ6boXAC99Cq2IVUUMTonhzi4W7o1VbDhN6v2codpqCei58uVxx3i1jJb2viXvLbuFrjisASttly/H89byXLX0xspAU2S1l6WEFYu1Rzw3UqgZ5Z8SbFFJZrNXDqpMpbpdN7NMQP8itkqlI4MxNoPvMVgvF7jYoMr6rIEWVZ87RpexVCXF4Yn5S+56DVTejTsjVFzKfFGTHuk/RdCOUPG+qS7LLB2jw+2wsVsBBFwsSQ7QqAQ0+Cu0ZF1lqfKBzSV4GxuqMsxkfljF/HkrtVk1IBsStkU2cqoyGw1N1YhZZSCap3cDRu51gt1ha3QLQ7vVTfhjFyT1W5rg5gcNiqPO1DW0dTLA51ge+3yWponqjaPuM+I811cXw/1uMSMA7WLvN8fAqvSytkiuG5SNC3oV0lccp2iGiihs4jM7qVvsp3CLTCEUoqIREOyBdaKkd0Hoty1VH8O6CryWish9Yo5Yx7Tm93wI1C38lF7ahB0sErPXsJilPttGR3mFtlNsUpvFrlyOHninxGro/cfaVg/NdiewrqX/EF5cpqvTLuPF15yzYkCdpSpwM3wmE68/wA1licf2+JXI1kKxwMZcJhHS/5r24ekdBERaEooUhAREQEREBTfkoQIPmXpdlBqcLh5sZI4/MtH/Kvna9l6UpxLxWyMH+DTMaRfmS4/kQvGrz5/IERFkEREBe29EtQ2HjF0bgb1FK+Ntut2u/JpXiV6LgCr9T41w592gPeYyXG3tAhXH2R9/ClQOqlehtKKFKAiIgIoRAREQQRrosXxskaQ4AhZqEFCajfEc8D9PgOypPrspyStyEddl3CNdRouTikABDsoLed0VX7rxma4ELfhlE2rxFof7EPfd49AqDIy03idlPQ7LucPB5gnkeBnc+1wued1ErulzToQD4LZDDCwu7NoGboubLMITdz7DxUwV8bj3ZASvN1eqy7DYWNIWbmtkYWPALTuOq0RTh7QCdVuDwRumOOOM1IW7cpwfQVHYvJMZN43/oulFIHMGqTwMqoTHKNOR6LnRSyUU3q1Qbgn7OQ7FVHXbqocQCsI36KJHJsS5wGoGq0yVbIrZnAXWmaZ9iGC5XMrM4B7XW4XLkz8JuN447q/iJZU0MrL7NuD4hfOsTxqofURRnRrCD9F2K3H56Frqd1nXBsV5kQTVJdLI3U7aJ5TW1mL6hhs7Z6aKS/ttBVist2Fh1XneFawvohTyaPi0t4Lvzuzwm266e2L7bYXgRtv0WTieSoR1kbZGQhwLyNlcugxc9wKxMxCzIusDAHdVBHrHiFBqmjd4HzU+oxn3SfmsmUUbfcag0+tA7Xd5BZMbJLqBYeKtNiDdmtHkFmRoqNccQHtbqywACwC0rY0kBEbhZFi03WS1AUKVCAWg2JAv5KLbm2qlEEKbqDuiehNwoO11BWDpGi9yAE2NUzgfJaoaeIT9vazrWWEtRE51mytJ81k2SwFl4+PjynLcq6WzWlLF6mSmqYZ2x57aWC1R4xBMCS4x66hwtZZ4o7OIwDqHXVJzGu1LQfMLvb2kjn4vjUk8jqalcWtGjnjmpwZ4dTWG4OpOpK1YvTBsYqI+6WbgDktOBzXqJYetiFu6uI9A1/ZG7RoulSTh4vfVc/s+0iI5kWW3CA4Qu7RpztNrnovPjhlMt7btljqGWw3WJldvy6rRO7vMbe19/JGh9Q7KNIxz6r0OQ5z535WaM5uW5kLWCzdP1W5kbWNDRoFi42KqIa262k5GXKiNul1jJeaURjbcq6GsNLoXZiR2mvyWNLHURyFoeHRHkeSsys0GUaJC0jUheXy5MeXX03qaZFtj1HRcutpjBL61C24/tGj811yFrc24sdivXOnP25bHte3O0gtOxWSwqoH0T+3hF4Ce+z4fFZBwc0FpuDsV0l25WaSiWULTIhREEWWuduaIgbradlidQUFDwRS8WcQo5Iis6QUmL0dUNBm7N/kV6GpP79TW6u/JedxGMy0UgA7w7zT4hX4cXp6x2HydqzM5hLgXag2XDlmnfju+nnq1zpMSxRh2DrpgbgcMj8CR+K21UQOIYo4a32IWjACf2aB0cR+K9WHpp00S6LQnREul0C6IoCCUKBEBNkuhIJQfD+PZzUcZV5PuOaz6NAXnlex2pFZj1fUNcHtkqHlrhzFzb8FRXmvsERFAREQFvoKo0OI01WG5zTytky3tfKQbfgtCIP1A090LJcjhSrFdwrhlQN3UzAfMCx/ELrr0ztsRAh3V0CIigIiICIoQStbnuBIDCVmlldDQZZuUN/mqeISVBpz9idPFdM6KniBtTnqVFcPt5r6xfivQcN/bUszdnB5PkuE7wXS4bqhDiEkJIAkZf5rnyT/AClekgpI895B2jup5LbPh0Mw7zAOhaLWUQu1Cu3FgvPGXGdT1NI67D2rPHdboq1j3ZSS13Ry6LmBw2VSWlY43LAU0NrZdN1M0cVXEY5WgjrzWuKMAWWyxafBEUmSSYe8Q1Ds0Z9iQ8vNXbg81LmRzs7N4uDuCFzJTPhbxo6amdt1ag6AiBfdc/HYmNw+UtJEtrMtzKtQVkUw7j+9zbzUy5XizgCAb2KnSvAVFBJNiTjILua0aK62h0Gll0WRiTFao5dA4D8FcFN0C5Wdt7cumidTSiWOwePxC7bKoPgzjyIVV9Pl3C0Sl0N3tBsB3h1Uytk6JqpwSIurZ55GnMT3br0LY77rl4c7uB+liuo2UWW8Lbj2zY2CNoCnut2WsyX2Roc49F0ZZ577BSCgZ4LPKqMUGq2AAKQAg15LrJrFkSFGYDW6gyAAUrU6UDmsHVAbzTY3pcdVTdWW2Wt1WU2unQuOqXC57asra2oumxaKwc8NWp8wa3N4Lm1D56lxaLsi5+KU03VWKsYSyLvv5gclQe+oqT9tI4NPutWbadrBZjCt0dPK42DT9Fi9qoeoRb5APHms46NwNo3vF/FdeLDyTd50VtlNFGO636qzEcZmHSAZrEk8ytc0D4/abZeitpsFomhZLGQR5J4kryGKuDMPmJ+Gy8/QSmmrIZb2F8rl6TGKRslqdxu1ztbdFwKnDJ6QOIJkjOoNtWq4WTqq9tC0HXkrkbRlsOeq5uES+s4fDKDe7BfzXVZo2+6kSqz4jUVbgfYaLXV2Noa0NAsAsWsyDbU6lZjZaRD3WCwb3isXuubLbEAiMpHljbAapAzK3Mfacsslzc6rLZUTt4oBqoushsgg7rFyzWLkGo5TIA4Xa4EELlPiFBViEn7GX2L8j0XTfo5p8VjX0jaykfGfb3YejlZdVmzala2iLTSzumiIkGWVhyvHQreuu3L0hERUCospQoilM3vrXZWKltnXWhBgRmaQdl5oUNNJXuw+oiBHal7XW1ynxXplysTjMGI0dY0aB4a8+C58s3HTiusmGH0baaPEIY8zmsda7jc7LRgDs1A9t9RIR+K6VM4CpxUW0c7T6Lk8On92mA1tKfzXbj+LrfbsKQoS9gtoyII3CI51yougm+ii6KfkgBLqTbKseaCVUxeofR4NW1Uej4aeR7fMNJCtc157j+pFNwZXaE9oGx6Ha7gl9D4giIvKCIiAiIgIiIPtfoorhVcI9gSS6lncwgnkbOHy1/Be2XyP0OVwixbEKFxaPWIWyC51uwnQfJx+i+uL0YXpqJRQi0qURFKCIiAiIqCIiKgkDU7LjVk5mmIHst2V/EJuyhLR7Tlx8x5qDCU5WXIv4c7rq0GDVFOyCrLbzOdcj4WlUKbI6vpRJ7JkC9wwDZcOS96StUQINlcb7K15ByWxq5sslg4XCzS10GoNAWRbdqksU2sE0jVayOY2SMxvALSsiseaaHFkpBDOYnEh17xvCzE8tO37dwcwe8rtfB20OZv8RmrVyxC7FJxG64jZYub1Kw1tpoB9tNI4/wAV+YLsQlo3CqVFLkAaW2tsQtHb1FOdftW+CyOy+KOZlrAFc6opcmlrg6LKmxKKQ2z5D0Kul8cjd7rSTpz6VhijyW2VttyVGRrXaKQbG6KsRs01W8NAVP1lrRqR9Vi7EIm+1I0fNa6TToXFlpdURtNjI36qg7FqYAtDy6++UXXCmjc6vEkUcjoybkHRNw09b2oUGpAXBdXVFg1sIaORJWo1FY/TtQweAWbkad91VbYgKtNiMTd5BcdFyMj3+3I53zss44We6y56qbWRZfimY/ZRPd4nQLS6eokN3SCMdAFtZSSybNsFZjw4Wu8p3VUGxvkN2yPB6qzGyoDftArzKaOPks3ZQLK6FNgPRbWFJCG3K1slDzcOCaRbaM2+y3NjjsO7oq0b1YEgstRGwRRjZoWQDRsAFq7YBYPqA0K9CzdQXgBc6TE4Y+6XAu+ELUKqqqXBsMeQHm5TZp0pKljGEuIA6rS2rbJGXWIaNvFa2YeLh87zIeh2W0MbK8i/dZoNOaiOFM0z1L53i3Jo8FrMQcCCLg8iupUUZY4uA7pVN7MpWL7dInB2Np5ZKYewTmYF3GNFl59zzC9k43afwXcp5Q9oI5i4WsazW2TcLW91gs5XaKuXLSA1K3NNlpC0zVrGd0uA8lNi+JVHahcv1pzvZaVtjE0m+ibXToteCtipxscwi7lZDtFdss1id1ClUYSC7T4LNj9AeXNQRcFamnK7L1Qc3EoTR1ra1g+yf3ZRyB5FZ8hbZdCWFlTTvgk1a8WK49I57A+llP2sByk9RyK3jfpzyn2sIildGEIpUHZBqmF2eSqHdXXtu26pv9pEYlV66n9Yo5I/etdvmrCJ7J1XCwqrNQa0n2tA76Krw25vZVPhMVtihFDjNdEDpOztGqvwybmsaeUy1j1Ho3vt3kUKeQWwRCnNACyvZQh3QTfVQFKhAXz30s4hkoqDDmkfavdM/XUBosNOhzH6L6EvjvpMrRVcVuhBuKaJsfzPeP5rGd6HkURFwBERAREQEREHoOBcSGF8Y4fM52WOSTsXnTZ/d1vyuQfkv0Cvy8DY3X6SwOu/aeBUVaXZjPA1zja1zbX8V2479NRfREXRUoiICIoQSi1xzslPdJzDcFZoonL8UTr5IOLXSl9S6+w2VQjTffkt038R3mtEzskTneCzaL2F4Y7EIpJ8+VzXfZeBC9BFWTw5W1VM5pAALm6gqthEJpqCFvPLc+a68ctxqAR0K8tu6zSKthl0ZK0npst4fY/9VpNPTyXzxBR6iwD7KWSPyKbRZDwVOcKp2FUw92oY/wDmFkLqtujqYO8WOTYthwKm6pGqDdHxys/wqRVxH3iPMJtFzktbhbVafWmbhzVhJVNcPbCbGb5FWo8sGISMsAJBmb5rRLX08P8AEmDfxVOesNaW+pSFpj1z2Wdtad6ojErD1XLfDyWiLHHwHs62BzT8bdWq0a2lnHclbdZorSQscLOaCtJiEfslzR0Dirt2HYgrF0WbUBRVUNfb+PL/AJlDo3n+2lI/mKs9i8DYqBE8+6Snaqb4GEd7MfNyr1TYaWldK2FriPBdKSlkd7hWcWHSPHeZp4ryXPkvJqTp1kx8VOgke6laXEXOuis6lXo8Ma0a2C3ilhaNrleuY1x3HJMTjsLrNtHM7ZpsuraNo0aAp7QBa0m1KPDQdXu+Stx00cezdeqxdUtbu4D5qu/EoW6F9z0CDoCzQoLxZc39o5vYjc4fRYirnlBMcbByzF11dxF98i1GRUnCrfvO1v8AK1PVnu9qeQqe1WS4c1Xd6vnJMjWHwKgUkQ+I/wAxU9hENmAqKNqomHSYu8m3WRxD4Ink9SLLBwa0d0AKA179tEEuq6qT2GtYOp1Wl8T5T9rNI6/JuiuQ0rpXBrNTzdyC6UNHHBqRnfzJV1U259HhgbqGCJu9+ZXSYxkEegA6nqpe6x0Cw7EuOaQ3HRWTSbYukdM7JFcN5uW1rQxoaOSeyLDQLU+oAOWNpe7oFUbnZcvetbxVKakEpLoWX89lbigcbOqDd3Jo5LYb9AAml24E9HVAH7EFvMAqcLqXwy+qTtLD/Z3G/gu2QDutFRSMnZYizhseizo2ynN4wtLSsYpXZDTTn7Vg9r4lO2i0K1fUvhY1kXtvVVkdtRq47lZTkzzlw2ZoFuiZYBcJnlc7NN6kjZBCBqVcYFqjat7F1jO2wDRTsE2C1k3WkZ3zFZjQLBrea2KogrRNo1r/AISt5WMjczCCmxg1xDrjmufi0RgmZiEYuB3ZR4K4x12AncaLaWsmhdG8XaRYjwSFm3OBDgCNQefgi0U4fTyyUcm8R7p6tOy3rtLtws0IdkOyhUFRkZleb7FXloqdRmtsiKyhL3RBxsea6L1etZvC7K/+UrncNAdrXW27Zeiq4BUUksR95p+q8xwqXB9ax27ZLFajphXo7KVF+iLboKRsiICfJFIQB5IhU8kGEj2xxue8hrWi5J5BfnzFq9+KYtVV0l7zyueATsL6D5Cw+S+0caVvqHCNfMCQ5zOzbY63cbfqvhi5cl+gREXIEREBERAREQF9l9EuMCs4dkw1+klDIcuu7HEkfQ3/AAXxpew9F+LDDeLooJHhsVawwkk2Gbdv1It81rC6qx9xRFK9DQiImwUKUTYq1EJae2b3SNyFshlL22IAd1W2191Ska+ncXx3dHzHRFXFOi0wzslAsVtNrIONVsLKh2mirGE1E0MDdS94+gV7EnDtGgHWyjA2CXGe9YdlES3xK553UHomMDQGjYCwW1g1UhumyyYF5Wa2tvZZgkJGNFna6qAcbKbqLJZNIm6gtad2g/JLIdk0IMUfNjfotboomsJyN+i2XK0zOJ0uiqFe2JtMQI2F7yGt0UTUBomsqIm3blDZWhTpUYrHGRdkIzHzK6zSHfNTS7cr1WGoYCNlUmwRh9izT4aK/V009K8zUveZzj6LTDisJOWYGN33gpo2oNwqeN4Ae4jzXTpYuwbZxufFbWVETxpKw+RC1yzQtuXSsHzCTpNrjCwjUBT3ByH0XKOJQN2cXHo0LF2JTO/h05Hi4q7HXL225LB8rWt1IHzXGNRWymzpGxj7oWt0L3n7SSST56KeSuq+vhjHema353VV2KxuNomSSHqBYKoyBjTowArcGnkpummw1VS4d2NjPM3K1u9Yf7cxt0aFsbGVsbGUFb1dnvXd5lbGQtGzQPkrDY7clJZoplvW1ntzqmGWV4dBKWO6LfhlG+npiHnM5xuVs7JwdturULLDVeTh5eTLLVnTpljjJ0xyeCjIt+XyWBLeo+S9unHbUVqdc7KyIXPPdBI8lIgLnZW2LuZ5BNLtVyc3bHpuVbp6IuGaTut5BWIadkIzGzndVm+UN06K+k2zYGRNs0WCh0zbEk2Cqy1BIJ+q1wxPqnZnAiMHbqrtFyN/aXdbTkpc9rG3cbAc0keyFmugA0AWmKF87+0lADeTUEASVW12R9eZViOJkQsxv+LmVn4cgoKCViSALlYvkDWkk28VTfVyTnJTMzW3cdldiy6UBapK1jRbM36rBlB2gvPKXdWjZWG0VK3aFotzsoOXXVIEHbxEF8djYc1sNU11N6w3bLdW6nDaWWM/ZBhPNmi87iENThdI5gJkgOx5hZvSt1DPmblJ1uSr7CvN09UYpWuBNivQxkOaCNQQsStVciKshUo3K2wrcZrJx0URtubqHDVZtNtFobAixushsqgn6Ip8E0Kp7sjm9dVnCdSFrqvspGyHbYrKnBLQ74uan2KWJtyV9LMN3AsP5qDpomJvzYlSRA+yC935BCu2Ppyy9iKFPJaZFi8ZmkdVkhRHNGjnN6KVlOMtRe2jlighefw6mFJjuIs5PIe1egXIq/sMchfsJoy0+as9tYXtdUKQCQCoO66Owg3QDVTtyQCiWJ1RARFBvyQfOPSvidxRYUwiwJnkHjq1v5uXzhdni7FTjHE1ZUg3ja/soumVugPz3+a4y8+V3QREWQREQEREBERAWymnkpamKohcWyRPD2OBsQQbha0QfpfDK5mJYZTV0Tg5s8TXgjbUK0vnvoixoVODT4RI/v0jy+Mfccbn/iv9V9CXonc22IiK6BSoRAQgHfmiIKM1M+J5kgNuZasoKtsndNw4bgq5uFVqaIS2fGcsg2tzV2rl1kmepJ6bLQ2WWKZs8EmSVugJ2I6KKmXs5yyYZXg78itbnhjHPJG3JYsWPQYbxTDUNyVcfYvBsXciV3YZY5mh0T2vaeYK+f0TM1G02vmudVvi7enfmgmfEfA6fRfP/Zq3bvfx7Z0+ht2WYXkqTiSvgAFRCyoYPebo76LrU/E+HTWD3uhceTwumOcrz5ceWPuOwi0sqoZQDHKx1+YcFtv8yt7c02VB9ZJBXdjK28bvZICv7jexVYUln585cSdbqW6G82tcbclVkIsSrD9G2BXIxyrFHhssl7Etyt8SUXTTh1QXmSe+r3k/6LrxSheAoKypoQ0svJHuWHkvQUOO01S3R+R9/ZdopZZ7XT1AeHc1Uq8NjqBnYB5WWmGoJA/RWmTgHUqWzW6kcWbD2RXzwgDqFqbSwXu2MfNeifLC+zXkd7ZaJsNhfdwJHiCprc3F39OVGwDQMDfILc2LMbXWyXDaiLWOVrx0IWkGojP2kB05t2U0LcdEy2pVhtJDtl+qpsqr/EPNb2VBPO61NDJ+Hgm7HBvyusf2a/8Avrf4FYZLmW5riVrQpDDn86g/Jiy/Z7h/3h/+VXAVN00ypChd/fv+ieqAbzvHmFduoc0OFiLpoVPU2O/t3n6LIUUXN7z/AIltNPGdgQfArHsAPed9U0ApKdu4v5lZWhY2+RoA52TJZR2OY3dqOiowu+oIDbsj68yt7WNYLNFgpGlvBM7PiCDB9yLclpfEbZtlvdMweyC4rWWukdmkNmcgpoaWU/bOu7SMfirEkjIGeA2AWuaqjgbqbdB1WuBj6h3aSDTkE6VnFEZpO2lOnutVpRsNNgsXyBu6IkvDd1onqWxDvHyaNyq9RWWPZxtzSHYDl5rXFFd2d5zu5u6eAUGbYpKpwdN3WcmD9VcaQ0ZGN0G1hosWt7vQfitjRYW5K6Eb7n5IeqyshTQpVDKw6wyDTkVWkbWTQuiqaYOY4WJaV1bpvumleBloayklkjfTSOiabseByXWwiubPAYibSMGoPRepsNiLjxVCrwmmqCXBohl5PZop4rtojdcgXXQjGmq5dKyWOq7Co0e3n8S6oaQN1IUJUA6oWOKkMIWkZNKzGyxa0rMNNldgiyDdNUNmjMdhum0VK7vxtiG7nXW4ZYoxrYNC1xAyymZw02aFTxaVzoHU8Ju46vI5BCqcL3VVVNWO2cckf8oVgLXEWmJmTRoGi2LtHCoJssgQW7LEpcgKjJFiHKURVrB3GuG7StCuVDM0TlSYS5oJQSuTjgyCmqP7uUX8iusufjjM+FTdWgOHyKsJdVkD46LIXWqB2eFjuRaCtwXR6GTSAbEKSDfbRGDM4aK/HCxzNSAUt0KBOlrWWNlumDQT4LSbckALj8VYqzB+HKyqc/K8sLIvF50H+vyXXuvmfpVxdslRS4TFID2Q7WYA7E6NB8bXPzHVTK6g+ekkm5NyURF5gREQEREBERAREQEREHoeBcaOBcV0lQ5+WCY9jP4td/obH5L9AA3X5eX37gPHP27wtTTSPzVEA7GbqXN2J8xYrrx36aj0aIi6qIoJsp1QERFNAp1Gt1C1zv7OFzkHFxHJNUPBaCLrj1kboaaTI7u5ea6MhzOJ8VQxI2pH+JCzl1jW8Z26GHty0kLTyaF0WRMcNW3VKlbaNg8Ar8ZsF8h7/pJoo3ezp81qkw17hpZw6FXGFb2hRNuKaCWM3aHs/kK3RVOJU+jKqXT4tV2mjRQY2HdoWt2M2Y33HPZj+KRaExSeYsVt/wBqasEZqRh62dZbXU8V75Aq0tJDqcn4q+eTP68L9Jn4tkZET6mL8gXrjV9ZUYlIHzuFmjSNuwWOKBrZoYmAanMVNFSTYjUFjCGsZ7b16+G/58snn5cccb0rkhtjmsFXDGV02VhIa3dzdyvUx8MU0gyuL5CeeZXoeHYaduWJjWrWee5py249HUVlBaxM8XR266kGLQVOjCWv5tOhCmbDZI+RPkufPQNcQXNLXDZw0IXk5MLljpvGyV0Jw+WWCzsrM1i5upXbpYzBGWukL/Fy83TV9RQWE8fax/GBqF2qatiqWXikDhz6hb4Z4Y6rGfddEWIWJiab6XK1xyXW4O5rswrTGliDjJIwFvLmq7HxSxiSLYrbPh1NUT9s9l3WtvojKbKMrQGtGwC4c/nrWDeP/SMElWGFQyMMGhup0C1wzOY/69mVlvTK6kFa81kzrsw23S61Z0zoNt0WrOmfxQbb+SZlozjqodMAmxvusS2Pm0Ks6paOarz18cY1cL9L6qWrpfc9gFm20VCpxFrXZI++87AKoZqirOVt2NP1VykoGRDM4XKnsRR0j5X9tOSSeR2XRuBoNlqMgbod1z6zGIKc5Ac7z7rU9EdGSUNaTcADmVzHVslZMYKQ7aOk5Bc+R9RW2dM4sjOjYxz811oImUlMGNAF02UZEyEFgcb+8/m7wVuKO1swsOTeiwgj0DnDyC3OOUElOp3RHrEfbiG93WW2/Rc1sYE5kYLuPNXWiQgXNh4LHHyzO9LcbPbaXAC+wWBkB0AuoDGg66nxWd+S6soFzyWVlAKlAS11KIKtXB2sWZmkkfeaUhnEjGuJ3H4qyR+a5b2mlqiy9o5Ddvms1XSuEzhUxKbLMPJTYtB4Uh4KrAlZtBPVUWA7otEz+2k7Fh7o9s/osZpDGBG3WR+gtyWcEIijDdzzPUojComMDAxg75FmhV4qZzRc6uf7RKslg7QyPdtoL8lPrUTQLAuPQDdBxqZphfNTuGsbzbyOysZgQs56GeonM8ZEbi21j7yqCR4e6KRuWRm/iu0rllG8nRYk6LDMUL9FphkNws7rRnUZyg3SWyEXXPjNmeSsSP7qrjQWQLqtiIzYdUNP92VYWiu/qM3/AJZRFPDTnoKcn+7H5K2qWE3/AGZTH/dhXea6x6UtcQtwmcButCG9kGbnFxvdYEkoNAiaGEsrIYnyyODWMaXOJ2AG6+A41iLsWxmrr3X+3kLhfkOQ+ll9P9JeLGh4fbRRuyyVrspsdcgsXfoPmvka5cl70CIi5AiIgIiICIiAiIgIiIC9t6LcddhvEfqEj/3evGS3ISDVp/MfPwXiVlFLJBMyaJxZJG4Oa4bgjUFWXV2P08i5HCuON4h4fpsQ7olc3LM1uzXjf/X5rrr0uiHMDlqc2VmrTmHQrcltLINDapt7PGU9FuDg7YrCanZMNRY9VSzyUsuR9y07FB0b6qlicmWDL1Kssla9t+a5uKv77AlFByo4kLwf4grt7qniH8D/ABD81jP41vH26sHsj5K6zkqcOwVth2XyHviywKwzVV4yrMaM1sGylQNlKrLByrym5t1W95sCufXVDaenllJtkaSoT1twaubtcRme3QMswea9NhMDYadtPGLjd7hzK42B4I/EGtqqprhGTna3m49V7CCndCy0MTWgDS5Xs+pi8Wd3W6KMtaNFm5xbyKhvrBG0ayyzcwwq6c2ImbzP1WLoYJx3mjzCPhLvbgB8jZV5KdrNWmaF3XcKDXNhuhdGQQuZLQOjkzxOMMo95u30XXjfVN2kZM3mPZK2ufFM3JKwxu5Zgs+Jtx48WqKUhtbES3+8Zz8wunT4lBUtBgla/wAitM9IA0iwc08wuHWYQMxlp3GGQc2mym7FeqE5+antrjdeMixvEsOeG1TGzxjnzXZouIKGt0EnZu+F+i1KWO12vRR2vVVg8OALSCPA3WJfcc02mlkyDqse1HVVXSgdVrMqbXS72qjtwqLpzbTdaXTPTa6dM1CwNSBzXOzvdzTLK5TZpddWNbzVWTEh7uZyj1Z+TM4aKu4RsPee0eSxlyTG6WQdUVM59oRt5EalWKShzOzWJ+87UrCGRl709M+V3Iu0CstjrZ/blyA+6wLeM32l6XWGGlb3ntb57lYPxAOu2nidIeuwWEWGNDrvBcerirjaaNg15LemXMkiqqoWmlyM+FnP5rnGlb+08jGjLG3VegkyjYLmQN1q53b5iL+SlWMqOPtKlziPs4uvVXYnesS9oRdgNgFSa50NJHGD35Tcq61zIYrDQBSFWjI1oJJ1WLWPmF3d0LGGMus9432CsZsoVslmqnc9MGRhh0Wy6wzXKkJjjjjNYltvtkigKVpE3U5goAupyNQTcJdLBLIIKrVtP28Bbzbq3wVqyxOmqlHOpiZYw62o0d4FXGRiwVRg9XxB7PclGZvmrfadCpFbA0DksZphTx5ranRo6rU6p3DRmPIBQyEl/ayOu7kOQVGVLE5hdLI68jv+EdFaBA2C1ZwB0WBl10VRvIB3WPdHIDyVeSoawXc8ALW2WWY/Yxl3RztAguF4DbkgDxXGxB8f7QjLDfMyx810m0bnEOqZC8/C3QLRiNAyejcyIZZBqwje6svaWdKBPJRZTSkTw9ofa9lwPJwVhrAOS7ONV8jjsFk2nPMrcdFD3BrC4oipU5W2bzVe6ykOdxK17c0GV1ornZaCcnlGVuVXFnZcJn01c0AfMqkacNbkw6mB/ux+SsuOqwibkhjZ8LQFktx6E8kBJFk5I05T1WgHiijmvN8d47+xOH3iKTJVVV44rGzh8Th5D8wpbqbHzTjTGP21xJUTMeHQxfYxEG4yt5jzNz81wURea3YIiKAiIgIiICIiAiIgIiICIiD3Xor4hOG447C5n2p6+waCdGyDb67fRfZrr8wNc5jg5pLXNNwQdQV+geD+IWcR8Pw1ZeDUMGSoaLXDxzt47/NduO/TUrvXRQpuujQtcsbJGFjhcH8FsuoOqDmPDqWQMJOXkVUrpO0kaegXZmibLEWuHkVwZwWTGN/tD8UGsKriH9Xv0cFauq2IC9IT4hYz+Nbx9upCdArcZ2VOE3aPIK3HyXyHvnpaYVZYVVYrTEZraNlKgbIToqy1yHQrmTxCvr4aMi7XHPJ5BdGUgtKrYPSPqpqirc8tDiGNtvYLWE3WOTLxxd2Lso2hoLWhosBe1lYbNF/eM+qrRYfTt1czOerjdbRSU1v4LP8AKvTHhbw9p2c0+Syt0CreqU/KK3kSFHqjPdfI3/EtC1a//VLA8h8lXbFK3aoefNZA1I99jvMWURm6Fjt4wT12K1ugOwJI6O1WXbSD24v8qkVDCdbt80Gh8Ftrt8tlVkhdrmbmHULphzXDQ3TK07DVTSyvPVNBHK0gtuPJefraB1DIJAzMwne2y94+naSqtRh7JYyxwuHC1lnxa24FC5s8IdFI5hA5Fb2VFZHN2cha5p9lx5qpTUr8LxUwSX7GT2F3H0TZo8t9tj4pDav2souH05NubSsDUC+sEv0VyliMwMbiBI3Q35rcaN/grqm3N9Zb/cS/RYmoPu00h8wuoKJx0NgtgoW21cfkmk240VRPK3Mymt5nZbmisfs5jPIK6yljp6tzDctfqPNX2wxt2aE0bcdlBNL/ABZpHeWisRYVCw37IeZ1XRuGbBSDdXxibV2UjGG/5LcAGtsAApUE2W5EAbbrVNILaLJ7wAqU82QF3IC6lEtk7SotyaLlUGu/o4C/elk/VWKIu9Xlkdu65+SqZgGUbegzFZWNzCH1r3e7E3KP1VimvPNncO406DqqcZLort3kcSV1KdoiiAHJRVm+UXWBfcrTJNyUsuRdaRuaswbLBpCm6DZdAsQVmFRIWSgDVSiJRERRYuCyUEIKFcw9rTv6PstnZgnvOWOIgmnLgbFrgQtBns3M51h1KyLYLWCwsBztuoMg5Kj65mOWFpkPUDRbGUc89jPLlb8LEGctXGw2vndya3UoyKrn5CJp5ndW4KeCnH2cYB68yto1HgqNEVDFGbuHaP8AicrA0FvwCKUEKCD/AO+SyUIjh1EfqWJuFrRVAzD+ZbO1YNyrWL0ZraB7Gm0je8x3QrzcbvWIs7nODho4X2IXXC7jllNOu6oZ4qrPUjLYuAHmqnYNO73281kKaO18pPmtsMXTF5tGLjqsWPdnyu3t9VvAy6NAFlqlYSGvZqQg2DVc/HC4UMYGxlbm8rq+w5hcbKvijWuw2fNuG3+YQntN9kJ1WqGQOgicebQtpcAuseguUum6IF18U44x0Y5xDK6KTNTU14oSCCCBu4W6n8LL6B6QOIBg+CGmhcRVVgLGWNi1vN36fNfHVy5L9AiIuQIiICIiAiIgIiICIiAiIgIiIC9V6PeJP2BxAyOd5FHWERS22afdd8ifoSvKorLq7H6fReL9G3FBxzB/UKkk1lC0Nc4n+Iz3T8tvlfmvZ6r0S7m3RKIioclxccgJLJmDvN0XaVHE2XgBGuqUcNjw9gd9Vor/AOpyfJZv+wmv7j9/ArTXuApH+NgFjP41ue3Vpz9mz+UK7GFRpT9mwcwAr8a+TXvnpZYFZYFXjCsM2UZraNli46KRssHmwKMqlbKW07svtHQea7NDCKSgijtawufmuHL9rW08Q1BOY/JeiA7SMhq647mNsefmvembZ2bXWwai4VF9odZTkHirsIBYCDcdQnDnyZX/AFHHKYz0lTdSWqLL0sCJYpYqIXB5oQ0ixsfNYPa4bLUXPHJNq2GCMm7bsPUbJeaI62kZ9CtXbEFbGT30KDayZjzYE36FSbHQhYPibKLizSNiFr7V7Xhkh15HqiNGKYe2sp7t0kZ3mlRQyiWnaT7TRZ3gVfaf9Fy6u1FW9q0Wjl9odCordVQOBbPDo9uptzVumnbUxh4OvvDoVqikDgAtMkbqeb1iHRp9pisRfc2xWPNIpmzx528+XRTsdVRorIy6MSN9qM3C2RSCRjXg7hZEgix5qpF9jM+C/O7fJSiy5A6yxLrrXmVg3ZliStWfxUF5TYiVyoz3kfk5DvFW3u0VY3bHK62pNgs0bWtDKF55lpK4ufMYRf2YiV18QmFNhjzzyH8l52jm7eON/WIqNR2qQXYzwaFec6zN/NUqWzY2H7oU1MpdaNh7zlBtif2jieQVxmgVaFgjjDRy3VhrgFRtAKzAK0iULITNG5+i0jeBopaFrbKXezGT4lTeU7BrUG1Tdaskp3f9E7Au3kcqNl7brAzMbu8BPV4/eufmshDE33R+aIw9Yj5EnyCxM59yNx89FsfNFEO+5rPPRVn4tQtNvWY7+DlBrrHVEtO9gpnAuGhBXMbDGCG1RkzDk7QLsNxGnf7EmY+BuoqZY307+0ALQ0nUbKVY1Q5WABjQBysrTVy6CQugYSTtzXSjN1IrcNlkFiFmFpEhES6AiLXPPDTsL5pGsaObjZBJ8NV4+qlggxerZEc0ZIOg0vzC6tTis1eDHR3ZEdDK4WPyVV1G2KEdi0gt681i8njenTHh8p2oGolebQU0jv5u6Fmf2kXAZIoxbzV+NzHAa6je5Wb5WtF7rnefOus/HwihFR1k7c7qxzDe1g1ZGkroRmZM2YdHix+qsiqY2zCdTyQVjC/Kd+l1Jy5NXgx9Ob63HBLlmBiLtw7SxW6UMqKdzNHNcCLg73W+sbDUwkSMDtOa40sBo4i+nkdGQRaNxuCfBd8Ofd08+f43jPKNVG59K/1KoPeYbRk+8OS6NwbdVFTRsqqcXBEgF2O5tK10kjpI3MlAE0Rs9e2Vxxy3NLAWE0kcEL5pXBrI2lzieQCzXgPSZxIaeFuCUstpJRmqC06hvJvhffyt1S3U208PxPjkmP43PWEkQg5YGH3WDb5nc+JXJRF5r2CIiAiIgIiICIiAiIgIiICIiAiIgIiIOhgOMz4DjNPiNOTeJ3eaD7bTu0+YX6Ew3EabFcOgrqSQPhnYHNIN7eB8RsQvzWvd+jPis4XiAwerfakqnfZucdI5P+ugW8MtdLK+xooRdm0qvXC9K7wVhaK11qV6Dz8jQ9haef4Ln1YLaYtcNnBdAm+qp13eh7JovJIQGrGfxrePuOlA4WHSwXQicCN1yWQzhjQ17QbaqxHDXG1pGFfKr3/TtR7Kw1chkVe3ZsbvIq1G+rb7UP0KjFdC9gtEr7BYesODe+x4+S0TVbDpr80GFEe0xp19eyj+l16OBwzbrzGDPbJU1cwOufIu/C/UL0Yenj5flWyow/1t7nTSZtO6Oi30NOaSlbEXlxG91iJSCpEq6zTgsdpbZt1HaP8AgK1dqnalBsvIfcaPmhdI0XLmgeK19qVrM0Ejh2haT0JQbO3F9Zo/qs2yB+zmO8ioDYXf2bbeFlrfRU8hucw/lNkG10MUg1YAeoK0Po5BrDLb7pWXqcA0u/8AzKTTRgdyV7D1DrppWhs8kDrTsLfvDZWXZJ4rOOjtj0K1PkkiFpgJY+tlqfkZEZYnExuOvgiLMMjmu7J+rm8+q14jF21K4W15FS91mRvB8ytsljE4XuLIscWhqyCYne01daKYPGuo5rzlXnhqM7NLanyV2kq8wB58wsSrp0wx0Mmdp7p5Ky2QPbvqtDJg5uqi4B7rh5LbLeSFWqW2DZh7TN/JZ5imjxY7HRFYiXM0OHNay/xWqO8T3QO5atPVQSoNuc9UzFag5ZoJcdFg8js7HmQhKxdrH5FBzeIagGMxg6Bpv9FzKIiOmpbbFlluxl+bP46KtA5poonA+yLLlMvLbetO7TPvA3yWMDi6Z0h93QKtSy3pwAtjHhjQLXJ91aRefUNYy5NgsYjU1Dvs22b8TlEEDS8Szd48m8grclTHA25IHQBVGyKjaNZXucfPRW2dkxtgAPFcR2JvkNg5sTepOqyZUsvp2kzvuhXY7oe3YFDI0c1ymSVsv8KAMHV5Wz9nVE5BqKl7h8LO6FdppalxCnhBzzNHgDcqucYD9IYJJPEBbocNpoNWxtzdTqVZbE1uzVRzzPiEv8OJkXnqViaKsm/jVT/ICwXVAA91LIOaMHiG7c56vJKy/ZsbRYRxgeDQugsSpocOop20VWx7GBol7pt1VWurWvlGHscO0PefY7NVziab1bDHVQFzEQQF89ZVSwYnHXuJLnO79zyKvjals9PoNK8ZQNrDZdCJ2y5FJIC0Oabg6grpRO0BusRurzTdZ3WlhOi1VeJ0lCPt5QDb2Rq5a3pmTfpcWmpq6eljL55mxgcyV5yq4iq6kFlHGIWH+0eLuPyVOKgfNL21TI+Z53Mhv+CxlyyO2PBb7dafiJ84LKCDT+8fsqfq8k7xJWSumdvY+yFZigawW08FE7HnugaLhc8q9GPHji3MDQwWAtystbpCZnsWUMfZxgHda6gOjf2oFxbUBRpl2DHsN2jXcqhPTSx37B+b7rlejqWPZofBRYOdcG6lWPKVMlTLPkqrxFp7rQbX+a1PhBAzE365jderrMPhq4i2Rt/HmF56fDpaacMleTDyf0Xr4s8LNWPFz4cm9yq0frr7Mp6l9upF1YNHXteJXTxyFvxBX2Nip2WaAT1Wp8jn77L0frx9x5P2561awZPiWjjNCSBtlWqiqy2rmNcDFLKbBxHdstzfJbDHHJGRKAW21vsFvbMy1VfiDG4MCwebEJCHFotEy/tvOw/18Lr4VWVc1fWS1dQ8vllcXOJK7PF+ODFcTdBSyuNBTuIiaXXBPN3zXAWMstvRBERYBERAREQEREBERAREQEREBERAREQEREBNkRB9q9HXFgx3DPUKuS9fSNAJO8jNg7z5H/qvZr824XidVg+JQ19G/JNC7MOjuoPgV974dx+m4jwmOvpu7fuyRk6xvsLj8Qu+GW+m5XXG6p4o/LTWvurN1y8WqG3DC4abrVVz3DYnZaaRnbVDqp3sM7sYP4lYy1AntBC7vyG1vDmuhBC1kQjaO60WXj/J5NTxj08OE91IkjvoTbyVyB4J0ufktUcQBFmgK/FGAvC9NqxELtGi3taOa1stZbAbKxzqSAOQVeaNhaTkB+S33utcnslVHNw0Niq6yIAC7w5diLlZcWM9ni7h/eRrtQOFgu2Pp5eSd1bjjLhqtwiWER0W4FdY40EQWXZBSCputaRHZNI2WmSigk9qMX8FYul0FEYXCDdskrfJ5WxlDl1FRMfNytXUXU0NYpwDq5zj4lZdkAfZWYWQ2Qa8gsRYAePNUJmdgXOYw5CO81dJy1nxCDnwSMdREB17ddwrGe8PyVWro893RHs39eRWmmqiQ6nlaWzMGoKm1U6wZnAnY6FV4SWA5DdzNCOoVmrPLmqb2lsjXx6OcLfNcZl/qxuzp0Iau4DgfCyyq3gsExLxINsi5QlIkL2e0Paar1PUhwzXuDyXSVLFzDqmeSAuqAQ6+l+iuseCFWY5rxpvZSLhy8uXLy45+unSY42MqoEjO32mLS54LQ8bFWLqnJ9lLl9x+3gV63JAk7xW1siqnuuWxpQbs1ypf/CK0h+qTSWjug4eKuvMxnVUcPlzUz4/gcQtlXIZask7Bc6il7KokHJ5KxrXpp26Gf2ojuO8r1Kcx7R3XRcR2bMHx6PH4roYdXRzxZdA9ps4dCqOs6Ww3VSmiGI1Dp5buiBysF1rqpXCPs2e085QupQwthiZG3ZqIsU9BBGP4bVdZExosGtHkFg06La3ZbkRm0ALYNlrCzaqjJFCyCAiKURioOyyWL9kHE4mAfgs4PRfPqike1uR17FtwvovEDc2E1A+6vPSUjKqkYwizg0WK64fxyz/AKcPVvbYdGHe1GcpXb9dhpWF80gY38SvGNFXg8shiaLnXKdipw+pdXs9ZndnkJIIJ0auGcuPb0cWuTp6Gox2sqiWUYFPGRrIdXFaKehzHtH5nOJ1e83JWNI3M+5XSY7TyXmyzte3HCYjKZjBtcqZHZGE22WYcOaiQB7bLDowgqO1IF1ad1VOGmbG/MFbIzsc2+hFieisZyY57GyzBuFyfWJKacQTdO67qFbjqA7YoeLVW0TjeWnOWTcsvoVzmYm6OXKTlc3QsK7hla0XK89xNh7ayH1uEObLELkDS46prbUtk27FLiLJm6rZUiJ8Z7RoIXhcPxd9O5onddvuyDl5r1FNWioAYeaZY3FMbjn3FeWB9Ob6upzsebFm2G4BHNde0YgcJLZbarjuzU7s2R3q7jofhXr4ebrVeH8jg78sW0Rhq8H6RuJhTQHBaOT7WUXqHNPst+HzP5ea7vFnErOH8N7QODqma4gba4J5k+AuF8ZnnlqqiSoneXyyuLnuO5J3K9GVePDDvdYIiLDuIiICIiAiIgIiICIiAiIgIiICIiAiIgIiICIiAu5wpxPU8M4kZo+/BLZs0d9xyI8QuGisuh96irZa+nZURVAMMrQ5pYbghU5o2Gdxdd9ubivnXBnFZwaY0VW5zqOY6G9+yd1t06r3dZKTGQw3fKbNXbzmtuk7WsNaJJX1XK+RnkuszUqnSMEMLIh7o/FX4hsvl55eWT6GM1G+JtldjGirxhWox3VgrYBYKVB0C1PmEVnE+CI33stUh7qjtb81rmkGUqmnKkltjlO2/uOXcpzcrx/rhfxEyYfw2O7Jq9jStXeSyPHy2XKrsbrWVlr1VaFtbuukcasAqQVg0rJaRmihN0EqQEGywqJm08DpXbNF0G8bIudh1YwQgzy5pJnEho5LoHfe6AVg+1tbW6rCpqYqWIyzPDGD6leeqsSqcTJjgJhp+vvOWcspPbeGFyqxieMRxExUtpJvwauMysmhmE9V9q6/ttHsq6yiZGywGvO+61vpwNOvLqvPeS729U4cdaZTSMe3tw9uQ63J5LlVeM07AGxuz2INxsFzMdpZqR7Khj3mmvYx8geqo9vE5hZcDTYiy1jJ7cMpceq9XI0VDWTMNnEXDlEUuR9pAWP6jYqhgVQXQ+rSPzEHuEcwuq6PK7UAjxW2VyGctsTYhW458wXLjgcBmpz5xuOnyWyKoDnZHAxvHuuWmXT7QLXNaRhBWtpJ2KFKKz5CO6dxukVTFK7K17XFvtAG9lw+Jq2aOSGmpn5HSX7R3PKuCynfAc0MkjJN7tO6klHvs4aqOJVrYoXZnBvmV5iPH8Up2ZHGOfoXbhc2uqKmvkz1Ulx8LdgtaHXfiNNELula8nkCuNLjFg4RxHOHaErQGNAsBohjvqmjbW+urpiS+oc2/JpWMHawydpHK9rju4HVS8ZdTySJr55A0HI1xFyVqRm17bhZtZWRioq5C5rdIyRv1XrYWhoFguNHW0uG0sMRdezBZreaHiGXeOiJbyLnWXK2S9uuOOWU6j0bdluavLt4jqhvh9x4PW5nE8w3w958M6vniv6s/wCPTBSvPt4oI9qhlHkbrdHxPSEjtIpmeJar54s3jzn07oUrnRY5h8o0qA2/xBWY66kf7NRGf8SssrFlnuLKLFsjHey8O8iiolYuUrEqjl48P6In8lwozaJn8oXdx3XCph5LjMisxvkF043Dla3xsnYWvbdeYqoJcDxEyammlPePIL1wGUWWmqpoqqF0UrQ5pGxW88ZlGOPkvHluKVJOCGuDgWuGllZkrTC4BzH5eoGi4DmyYHUBpvLSON2nmwr0VJNHNG0ghzXcxzXzc8LjX2uPkx5MdxlHWxSWtI3yOizkqcgBzaX6ra6gp5hqwFcfEsMMMbjEXs6WKzI3t2mTA891Ya7u3C8xhmJ9pGGSXEjNNea7UNRmF7qGm2tpWVkRjdofdd0XFgqZaSpNLU6OHsu5PXdEwA1XOxygZiGHl7czZYruaW7q+134xaa7trNatzYA0WPevoV5/h/EHTUoD3Xcw5TfdelZI10QKl6Te52+fYxQfs/E5Igz7J93MTDaioo+9F34gdWdPJd3jGEOpY6lu8ZsvO4VOBJlXu49Z4ar5+dvFnuPXUdayrpzkkB+6sMUxukwnCZqiuYRHGzUX9o8gPErmTx00MLqp8hgbG0udI02DQNyvlHFHElRj1Zl7eV1JCSImPO/3iOpXK8Gq6f+iZT12o4zi02M4jJVSjK0m0cYOkbeQCooi7vOIiICIiAiIgIiICIiAiIgIiICIiAiIgIiICIiAiIgIiIC9jwZxCDXU2H4hIS0d2CRxvY8mn9PovHIpZuaaxy8bt95yPaQ4DzXSp2Zmgr57wTxq2obHhOKyEzkhsM7jftOjXHr48/z+jU72GwabeC8VxuN7fSxzmc3GyVpbFcc9NFuge5rQL5gEut0bQOSiIe7S52XNrpc8QY25cXaLpStBC5VKDJO9zjo12iK3sdMWDQCyr4lUmno5JDuG6ea6WVobcjdcLGbzuhpgfbfr5K4zdTK6xtcMfZxseTYscHHzuvfUEgkja++jgCvLYjhAhpCWkuLgu5g8t6CI32aAV6snzt77d0WIWQVaOW4tdWGOBSI2hbAVpus2rQ2hZrEBZIJVWq+1Y6JzbhWloljIeXDW42Xm/Jucx/y1hJvtppaeCF7csbSRsSNlliWKw0Mdz3pHeywbkrk4hi4pz6vTAPnOhN9G+aqUkD55TNM8ved3H8lji5cvHt3nFLd/TMsqMSm7arPkzk1XmxNYLALNjGtYGgaBZWS3dd5qempzbhaJGK24LS9t1lXLqYGyxujeO64WK88KNpkfTyxNc5htcjcdV6uSO4OioTR9lMKljQ5zB3m23HRdOPLVY5OPyxcZlKacNMF2OadLLtUWJRVYMM1oqhu7Ts7xCuCkpK2Fs0XdD9QR+SpVOBNkbobgajqF6tPDvXS6xhjf3dj9FvfHHM37Qa9ea5MVHXxNDYqu9uTxdWI48TOhmiHjlWdL5LTYpYgezkDm9HHVVqvFI4GmNl55+UcYvZZHDZZv6xVSSDo3QKzT0UFK3LFGBfnZWYs2vMuw+srao1NQwhx28F1KTB4uzPa6khduwLbWVfJletyM2vD4pTCmq3sG19Lhc9w0XruIIoGsEsjDmPMLzL2RkdxZrUUiLBBYNutsjLb6LGGIy3t7I5pJum9K+TtTfksjZoA6bLZIBGLD8Fkymc9ud+jenVdtOFu3UpsSFZPSxuZZ8bSCeq7LQXlecw0s/ajWtto3Ycl6inGlyvn8vyfW/G+DaylLhqt8dECd1nHsFYYuTtbWoUA+JZigFtHLe1bAqzuqZw1p3ynzCwOFDkxo8l0Qsgqm3HOHSx/wnSN/leQs2VWJ0vs1Mh/n1XXDVg9oO4Cu7PtnWN9xWh4iq4tKinZK3qw2P0XRpsboakhokMbz7kmhXOmp43bNsudU0Yff3gFuctjGXDjfTtY/J/R7mi3feBoVzm7ALmCWpdVQ0TiXRDvXcdrLqWtuvbxXeO3zeeay0hy0vdYLceap1E7YQb6k7Bdo86nVxtnjLXHfQg9FzaCWfD6owRsdLHfQDcLrM75zkb7BKeDJWSSBvtC91jkwmUdeLO8fcWIq3EH+zGyIdXC5WU8tcYjmZHMDuALFbWANANtRzWL5wHLH6cdOn/pz3t5CucYK3uOLHHUA6fJdPC8XEjhFIMknMHmr2I4dBiUNngB49lw3C8vUU81FUCKqORw/hSjY+a8vJwa9Pfw/lY59X29wy8wACusjEceUm9wvOYLiJkYWSWD2Gx8fFd1srXt3Xn1p6fbxsofgfEM7Gs/d5+95L1dJUB8IdfukaLjcTwtMlNNlHevG75rZhVQG4cxznXyix+S6WdSueN/1Y3cQAS4RO3wuvH4W4CYOO1l6yvE8uHyvLQIywnzXyDGse7SL1Kjf9mRaWQH2/AeH5rvwXUeb8mbsW+L+LH4q92H0bstHGe84H+KR+i8qiLtbt55NCIiiiIiAiIgIiICIiAiIgIiICIiAiIgIiICIiAiIgIiICIiAiIgL6TwVxv25hw7En2qG2bFO4/xByDvHx5/n82QEg3BsQs5YzKareGdwu4/SsbrkK7HZfLuBePm1HZYTi8obMO7DUO2f0a49fHn57/TYn9268eWNxuq92OUym4ioNmnwXLou9HfNYFxuV0Kl/cd5FUcMaHUve5kqNxulrY2tsCTboFx5pe1xJrwLhg08F1KilabnM7yBsqMEIbNUuJvlAtdb4vk5c1/w67oGVVIG3F7aLjRvqMEmcyRrn0zze491W8NnkqeegK6k1E2enLXr12PB6a6OtiqG54nhzTzC6Mb9rLxNTTVOFVPb0jjcamM+y7w8F6PC8TbXUgmYLO2c34SsXrtqdu403C2sVCCpubOV5rtNFjj5ceSbi5Y2NwKyWtpBUyzMhiMkjg1jd3FdN/bHbPYXcdOS4OLY6X5qagIJGjpeQ8AqeJ43JXvdDTEspxoXDd/kq9LT5jYCwC458n1Hq4uH7yKOju4nXXUk7ldeMZGho2WpjQwWHJbQVwem/yNgKzC1grMFVmhWLhos1BCJFV7VXkZvYaq85q0SN0UbjmRzHDp76mnee8PhPVdiMh4DmuBDtR0sudNFmBBFwdCFqoqo0EoglJdA49x/wAPgvRxcn1Xm5uL7jpvjF7gLAEgqze4vy5eK0uaLr0PGgO8VsGq0m42WbH9VStzQtbgLrIORwRFOtpI6uAxPHkvKV+FyUN3ZczORXtVzsYZ+4S2F9FNbNvFRQPqnEAd0HUqYmdhDJE0a59FMOIijb2MsR7O+jx+q2uqYge1ic14dqWnRak0lrV6vFTN7WZ2Zx5FVp5JJ27mNmwA3UzPMj+0cbk7eC058xWmVjBYmsxEAD3TrzXr4QAAvLYKM2IE/dK9VCNF4Ob5Pq/j/wDzXI9lYYq7NlYYuLtW1qzCxaFnyVYSFkFiFm1VKzC1vWxanqsxpkVV+mqsyFVJjusOkU2PDsYt8EWvzV82XIoXl+KVUnIWYPouhLUxxjU6r6nDNYR8j8i75KTzNgYXuOi5rGuqJDK/bkFm4urH66NGwVgNEbbBdXnYtiA1WwEAWBstZe7qtZeequhvfLkG6quku66iSTTVagcyguwPBSuoYK+mdDOwFpGh6LTD3Cr1+7cKe/Z67jycFNLg+K+rySF8co7jyvRQzlje9t1WnEqEV0HdsJWHMw+KrRVheGslGSSN1nsP6Lxc3Hq7j6n4/NLjq1OPSuqcOcIgQ+NwcCeq49BV1FM2SCsaGNJuHDZdTE6yIxGJrg4u1cRsAvnPFXFnrQfh+HvIivaWYe/4Dw8eflvccN49pyclme8V7jXjt1dEcJwyQCADLPM3+0+63w8eflv4NEW8cZjNRyyyuV3RERaZEREBERAREQEREBERAREQEREBERAREQEREBERAREQEREBERAREQEREBfROBfSIaEMwrG5SacC0NS7Us6Nd4dDy8tvnaLOWMymq1jlcbuP0ZW1DX0uaJ4d2g7rgbgg81qwokROiee/EbHxXyHhjjWpwhraGsc6agNwBu6K/MeHgvq+CzsxDDocSpJBNG9lnhvP/qF57x2PXOWVcmhqZRnDrDkFz5KoRSStebF7LeZXVjro44zG5wBHJ2llx5xDU4hGB3gDfROPG+Xo5MpcXVwGnMcGdwtmNwuvJtbqtUDAyMAC1uS2OcARdet4ao1dI2ogc213DZcKklfhlflcLNduvRPeY5bnYlacRw9lZF2jAM3gs5TaS6WYZGulAa4ZjqB4LqsNmjqvG0DnU+KRds4gtGW5XrWyAtDuVrrz8fDOO7jrc7k3STxU8LppXhrG7kryuI4lLich3jgB7rBufNYYliRxKoLQf3eM90fEtLNTYLPJyfUenh4vutkMRc4C1rfgunCBG0AclUiAaBZWGOXF6qshyzBWhpWwFGbG4FZgrSHLIOVZb73S61hyyvZVNDhotLgtuZYFQVnt8FUnha8EOGhXQcFoe1T120rUNWYJBS1B0P8ADeT+BXSfYjdcmogZI0tc24P4LZh1c4PFJUuu8ew8+8F6+Pk31Xk5uLXcXtDvusSC3ZS/uyED8VmCHjVd3lGuutoIcPFV3NLCs2P1QrOyxfE2aN0bho4WWZ1N05IjwmO4VJQSl28Z2XAfY3FrXHJfR8fhbLhz7i9tQvASxi6Gtq8Ev9k52o2utnXTULU6nzHMDZw5rICcNN8p8klPF1sAF6156NXqYRovMcOESPmf5Beoh2Xi5fk+nwzXHFpi3sWli3tXJ0rc3ZZDZYt2WYVZSAswFiAs2hWM1J0C1PWxxWiQ2SkapCqU53J2CsyOXPr5ezpZX8ww281JN3TfqOPQSutNID/EmcflyVtjHSEFxutFBBkpo2npcq6C1vyX18JqR8PPLeVrZGMqPetJlvsp3atubIuGW61l4tqsX2stD3WSqxkkLnWRjiDusDqUG6y1FuN5uF0IXXZZcphsVeppNULG5wLVz8TZRsgfU1hZHHG27pHG1gtuNYxRYLRGsrpRHGDYDcuPQDmV8d4n4vreI5nMJMNE1144Ad/F3UrOVki4Y21s4n4nbiL3UWGgxULTvqHS+fh4LzaIuL0SaEREUREQEREBERAREQEREBERAREQEREBERAREQEREBERAREQEREBERAREQEREBERAXc4X4txHhaubNSv7Snc68tO492Qc/I+PlvsuGiD7Vh3EVFxY4z0xax4H2kLvbZ8ufmurR0oNazJs0r4LTVVRRTtnppnxSt2cw2K+ocE8f0lVMykxd7KapOjJTpG/wAD0P4fkuszlx0u31BoFullomdYrbfurS6MvJN1zYrY0MlZZyyYwR6DULU0FjVsY+6qKeI4eKhpfGBmC5tbjL6DB5YZHlsmjQ4ePNei0LNNSqlRQUlUCJoQ6/Lks2NSvNRObkYWattoQrcFibrn19DJgk9wSaSQ6H4Fap5AQCDcHmvDljZe31OPOZR0GuW1r1VY5bWuWW1tr1sa5VGuWxrlBZDlmHKuHrMPRnSwHLMOVbMs2uVNN11BWGZTdE0hy1OWxx0WokdUGiQXVSeDO3Q5XDVrrbFX3NWmQBupIHmk3Kt1eiirfWG+rzHLOze/vDwVlpLdVxKySIWcydrZGatI1K6FHWz1cLeyo55JSLHu2b9V7OPPyj5/LhMcunQa4OGqxcwt1F/os6bDsRkN5exp29G94q07B4njvVE3yNl025aV4zmGxUney2DAYBtU1H+dYuwIe5XVLfmFPJNKWJjNQyt55dl89kHfPgV9JmwGqdGWR4i8gi1nsBXnqngTEg4mCeCW+tj3VLlGpHlNbodBpoutUcN4xTk9pRlwHNhuuZPT1MLXdpTTMsObFNxdV0eHWWp3vAtmeV6SEaLh4J2cdDG0uAduRzXdj1AIsvHnvyfSw6xkWWLe1aWbLc0rJW5qzAWDQtgCqVk3cLYNFi1ZXWmKxeqshW57lWldZZrWMaJHLkYu/NA2EbyPDfkulK6y5FQ/1jFYoyLiJpcfNb4p5ZRObLxwtbw3KANrLB3MfispHAKu6UG+q+r6fBt2y9k2usy+zbKqJcztNVvGUN1K1DaMxKwc081s7p2WWS43TTUVsqC4Oy3mM8lqfaNpfI4NaNyTYBTTW081ysd4uouHobOInqiLsgadfMnkF5viTjwMLqTBnBzho6ptcD+Xr5//ALXgpJHyyOkkcXvcbuc43JK55Zfx1xx37XsZxuux2tdVV0xe4nuMHsxjo0clQRFydRERAREQEREBERAREQEREBERAREQEREBERAREQEREBERAREQEREBERAREQEREBERAREQEREBERB7DhT0i4lw/kpKsurKAH2HHvxi+uU/odPJfYsAx/C+IKL1jDqlsvxRnR7D0I5fkvzarOHYlW4TWMq6Cpkp52bPYbadD1HgiWP04ADooLLXIC+a8L+lmCcCm4gaIJbgNqI29x3LvDkfEaeXP6TDURVELJoZGyRyNDmPYbhwOxBWmWvMWnRZhwcbFS5oK0nujxQRUQxzsdFIwPY4WsV5qsopcHku3NJSOO49zzXqo3X0O6SQsljcxzbtdoQeaxnhMnTDO415yOZr2hzTmB2I5re191UxDC6jC3maiBfTk3dH8PksKWsjqWZoztuOYXjywuL6GHJM/TpBy2NeqjH3GhutjXrDqtByzDlWD7LMSKCwHrMPVZpJOiza7xQqyHI6UMbmJsqbq2Frsodnf8LRcrcyjxKrsWQthYecm/0XTHC1xy5McftlnJbnd3W+K0tqxM/JSQyVL/uDT6rqQcPQaPrJX1DuhNmj5LqRsZEwMjY1jRyaLBdZw/158vyN+nAhw3E6g3kdHSt6buVqLhukJzVEks7vvGwXWcOagOXWYYx58uXK3tpgw2igFo6WMeOW5VkAAWGg6DRY5igeCbK6kPLbMnz+qx0WVr7LGyLam6gqAUKxllpce0FxugJ81CXXnttdJDVMjHiz2NcOhaCl1KkvZYrT4Lh1R/EpI79WiypO4XgaSaaolhPS9wuyHBZHZdeqzMrPTzcuGYrT+wI6oDkNHLT66IDlq4JaZ23ebcfVepHy+ah7WyCz2hw6OFwp4yuk5co4kMjJRmie146gre3UXWybA6KV2aNrqd++aI2VWSlxGkddoFTEOYHeCzcHScsvtZG6F2irw1sErspPZybZX6FbnGwus3be5fTW8qrKbre8qrJfos10xU53b3Oy5WHgyST1O+d9h5BWcZnMFE4tvnecjfMqtTxVkEDI4w3ujW69P481d15Py7bj4xlWTdmcoVIzZGnMQLq3Nh9VUkF8gb5BTFgkQIdM4yO8V6rm+dONwZsRljJ7Ntx1ssGY7U5bFgK9W+gpXNt2TbeSqyYJSSbNynwWfKuvjHBZjs4f3mCyvw8QQusJWFvisa/BqGigfUT1TYImDvOebALwGMcURiR0OF3c3nM9u/kP9VZnkvhK9/ifFeEYXTdrNUZnkd2Fgu93+nzXzTiDi3EMfcY3u7ClBu2Bh08yeZ/DwXFklkmkMkr3Pe7dzjclYpc7SYSCIiy2IiICIiAiIgIiICIiAiIgIiICIiAiIgIiICIiAiIgIiICIiAiIgIiICIiAiIgIiICIiAiIgIiICIiAiIgLtYBxbjHDcoNBUnsc13QSd6N3y5fJcVEH3Dhv0n4RjUjKasH7PqX6ASOBjcegdpr52Xsi1sgBYQQdivy6vQ8PccY3w45rKap7amB1p5u8y3hzb8vxV2zp97cHNctrZOq8dgPpPwLGXMgrCcOqXD+2P2ZPQP5fOy9U4juvjcHsdqHNNwVUWJGB7b8+Y5Lz+KYB2knrVA8QVA1NtnfJd0Pvayxfqbt0IUuMqzK43ceRirHQydjWMMMo94+yfmugx9wDe9+i6tTQ09cwxVEbXePMLg1OF12FZpKV3bwDdjzqB4LzZ8P3Ht4/wAjfWS611zbmtmcNaXONgOZVGhNViJDKSle53Mu0DfmvR0XDbIy2Wtl7eT4dmhc8eLK10z/ACMcY5kPb1ZyUkDpD8R0aF1IOHpHkPrqgn/ds0C7LGRxx5Y2BgHIaLJerHixj5/J+Rlk0U9FTUrcsELGfK5W/wCSXUOIA1Nl0cN2+2WqlaTODpGwuP0UHtna5sngN1NNRvcbDVaHTxNOrwtZiB9ouffqVORjG2a0BRr2n1yMmwzHyCet21bE9YO6DTyQA9Vmt4xsFZfeMhbop2S6AkHxCq623WTWh2mxte6jelvKQVBSFxkha48xqpcDdc+T0s6Y2sotcrIlQDZedtiN1nZY81ldWQ2W1WYGixbqs7LpjOmSyBEutxDyUX8PxUqFUaKijpqptp4Wv8diPmqEmCyxm9FWOjHwSd4LrKLqaiy2OBLTYtFo+nimHVjrKrIK33qCYeS9PfXb8UPiFnxjrOXJ4GqpayfEoZZKOfsIhe2Xdys9rNf+pT/5F7Nw8SVhluuk6jOX+ruvHmaT/wCUnv8AylZNmlI/qc/+RepnmgpYjLUTMijbu95DQPmV894i9L2D4dJJBhLHYjM247Qd2IHz3d8tOhWu2fHGOxJNJHG6V9JIyNou57+60DqSV4vG/SVRUmeHDofWphcB5d9mD1uPa+X1XiOIOMMb4lmc7EKt3ZE92nj7sbfIc/ncriLUYuvpfxbHMRxqbta6odJY91mzW+QVBEVQREQEREBERAREQEREBERAREQEREBERAREQEREBERAREQEREBERAREQEREBERAREQEREBERAREQEREBERAREQEREBERAREQF2MD4rxnh9/7jVuERtmhk7zHfI7eYsVx0QfVcF9LNHLlixelfTO/voe+z5jcfK697huJ0OKxmWhq4qlo3MbwbefRfm1baWrqaGcT0lRLTyt2fE8tcPmFdpp+kZ6hucRQMdNMeTBe3mt0GCy1Fn4hLcb9kw6fNfG+H/SvjWCtEU8FPXRe9nGSQ/4h+oK+jYN6W+GcUa1tTLJh0thds7btv4OH62VYy29tFFHBGI4WCNo5NFln8lppKymrqdtRSVEVRC72ZInhzT8wthcGnqeirle2Q1WLpGs0vr0CiznnU5QsgwM2HzQYjtHC4s0H6oI23FyXHqVsJuN1CKm3/sKFIUEaqG0W1UOZfkskupY1KrPbZ6KX3JKhc6749JU6gab7BQBqs4miSTLybzRpZgblha06aarNzb81KJYNeWyi2tlsssXAXXC4aXbINFkLRbRBsp5FXXQwaDdZqAbBSkQtdYFZ6rFzStDHVLoVATapuoupIsCqOIYrQYVB22IVsFLGb2dNIG3sL2F9z4BaXS3dYvk6FfPsa9MeAULHsw9k2IzC4blGSO/i4628gV8+xn0rcTYoXNgnZh8R92mFnW/mOv0sr4puR9rxfiPCcAiMmJ4hFT6XDSbuPk0anbovnuOem1je0hwLDy8jRtRU6A+IYOXmfkvks08tTM+eeV8ssji573uLnOJ3JJ3KwWpilztdTG+JsZ4iqO2xSvknt7LPZY3yaNAuWiLTAiIgIiICIiAiIgIiICIiAiIgIiICIiAiIgIiICIiAiIgIiICIiAiIgIiICIiAiIgIiICIiAiIgIiICIiAiIgIiICIiAiIgIiICIiAiIgIiICIiCxRYhW4bP29DVzU0trZ4nlpI3sbbjRetwr0s8UYc9vbTw10Y3bUR6n/ELG/8A7svFIiWSvteHem3B57DEMOqaN3+7cJW/XQ/gvVYbx/wrijR2ONU0btO5UO7I3PLvWv8AK6/NSK7Z8I/WrXteLscHDqDdZWX5TosWxHDXNNFXVFPldmAikLRfrYL0FB6T+MMPLQ3F3zsDsxZUMbJm8CSM1vIhXbPhX6OA0uo5r4tSenPF2X9dwiim107Fz47fUuuu1TenLC3gCpwmqjPMse13+ibTwr6foVrkdl0XiqX0v8Izg9pUVNKf99TuN/8ALmV+Djrhir77Mdo2jf7STsz9HWUpJZXoSUXOpuIcFqh9ji9FJfbLUNP6qwcSoGWArIC47DtW6n6rGnonpvc46Rt9t23grsMIiZbnzVWknpAAfWoXyO6SAq8CDsboqUUFwG5A8ytDq+iabOq4AfGQIjedlhzWh2JUAF/Xqf8A/tb/AKqnPxNgNN/Hxqgj/nqWD9VzyxtTydW9kvdeaqvSHwhRA9rj1K639yTL/wDgCuPV+mXhKnflhkq6r70UBA/4iD+Cx45Lt7211k0r5RUenagbcU2C1D9dDJK1t/pdcWr9OuNvI9SwqhhHPtS+Q/KxatTCm33Ja554aaJ0s8rImNBc5z3BoAG5JK/NdZ6S+Mq0NEuOzsDb27FrYv8A8QL/ADXn6vEK2vcHVlXPUEEkdrIXWvvut+Bt+jcT9JHCGGXD8ZgqH2uG0p7W/wA23H4ryWKenLD4btwrCpql17B87xG3zsLk/gvi6KzCJt7HFPStxbiYc0VrKNjvcpY8ttOpufxXkqipnq5nT1M8k8rvakkeXOPmStaLabEREBERAREQEREBERAREQEREBERAREQEREBERAREQEREBERAREQEREBERAREQEREBERAREQEREBERAREQEREBERAREQEREBERAREQEREBERAREQEREBERAREQEREBERAREQEREBERAREQS2R7CC17mkcwbLcK+tG1XOP/uFaEQbzXVh3q5z/wDcK0uc5xu5xPmVCICIiAiIgIiICIiAiIgIiICIiAiIgIiICIiAiIgIiICIiAiIgIiICIiAiIgIiICIiAiIgIiICIiAiIgIiIP/2Q==','CURRENT_DATETIME','CURRENT_DATETIME','7509546052755');
INSERT INTO "respuestas_seguridad_usuario" VALUES (1,1,1,'nombre_de_mi_mascota');
INSERT INTO "respuestas_seguridad_usuario" VALUES (2,1,3,'mi_ciudad_natal');
INSERT INTO "respuestas_seguridad_usuario" VALUES (3,2,1,'$2b$10$HoKrRfvvbzQLW98ZaAqGoe8WHtFlGrngRnB3BZx9S7okA/j62lq6K');
INSERT INTO "respuestas_seguridad_usuario" VALUES (4,2,2,'$2b$10$6TB9yF4Pz/zIPQprxpe/0uKjOUQyRmHKuKKJxVk2ruP0lX4XJWAr.');
INSERT INTO "respuestas_seguridad_usuario" VALUES (5,2,3,'$2b$10$BBeCIjPWHP8t.uKUcKQv3.cgy2vmRJrl6J6ILdK1UFrm2eHNHytBC');
INSERT INTO "respuestas_seguridad_usuario" VALUES (6,2,4,'$2b$10$CNzDReiF6EZDtQAVSDVnkOxgjy9fuK3lPcED1c0xRgVzeGBoLrdTu');
INSERT INTO "respuestas_seguridad_usuario" VALUES (7,2,5,'$2b$10$NZkHJMPULNvRHfYTJV/hh.PxnHzMVkLX.ld2QUKy6ACy/zjvDE6U6');
INSERT INTO "respuestas_seguridad_usuario" VALUES (8,4,1,'$2b$10$uQ6T3TgYiP/HFABefJgIvusf5Bf8MLu3laPCgqDWcNW/9HKWozarK');
INSERT INTO "respuestas_seguridad_usuario" VALUES (9,4,2,'$2b$10$Uae65tiKYOHDiAoFHR6pguZdPPgPX.tVo3wOTLDZ.txjQ5GQ/vy5C');
INSERT INTO "respuestas_seguridad_usuario" VALUES (10,4,3,'$2b$10$EPQ2As3XWXv4gBQkegIWwuJjN6JajDRtuOkfNFQWZlg1gW40reNV6');
INSERT INTO "respuestas_seguridad_usuario" VALUES (11,4,4,'$2b$10$ThQ/XRdDIxnv.PMzrEcJWeCN6/JKAxexIOHYh7dR2wZsICmsjHUh.');
INSERT INTO "respuestas_seguridad_usuario" VALUES (12,4,5,'$2b$10$DRR9v/F1MCKC.qkJHh2oVucosehuHN/xhzsx3TOUC5zjht4UGZvNa');
INSERT INTO "respuestas_seguridad_usuario" VALUES (13,5,1,'$2b$10$YuNQCNl/z9nm87rYNcqRBOuqd.V1In1qrNBS69T803ao4cUgvTaM6');
INSERT INTO "respuestas_seguridad_usuario" VALUES (14,5,2,'$2b$10$nzOSvLZTEbkez0uZuKOloOzYNSoxRb/VqhHCZI39wRgWo9cGyav5q');
INSERT INTO "respuestas_seguridad_usuario" VALUES (15,5,3,'$2b$10$SvOl5ia1mCSvOyuJAE0KRuDsrLDTxEB6Rzd/7AbVqqeES.yeEuYvm');
INSERT INTO "respuestas_seguridad_usuario" VALUES (16,5,4,'$2b$10$U7QEbC3MsP.KP9lnZ7Ehfehih3Ox4pr86ABSmx.jO73G2FzP9vY/G');
INSERT INTO "respuestas_seguridad_usuario" VALUES (17,5,5,'$2b$10$E07Swn5sDJ2lXET3uAKdj.mn86AiIABBCIGn1WcR1JTlbwhp71TZi');
INSERT INTO "rol_permisos" VALUES (2,9);
INSERT INTO "rol_permisos" VALUES (2,13);
INSERT INTO "rol_permisos" VALUES (2,17);
INSERT INTO "rol_permisos" VALUES (2,18);
INSERT INTO "rol_permisos" VALUES (3,21);
INSERT INTO "rol_permisos" VALUES (3,22);
INSERT INTO "rol_permisos" VALUES (3,23);
INSERT INTO "rol_permisos" VALUES (2,31);
INSERT INTO "rol_permisos" VALUES (2,29);
INSERT INTO "rol_permisos" VALUES (2,30);
INSERT INTO "rol_permisos" VALUES (2,32);
INSERT INTO "rol_permisos" VALUES (1,1);
INSERT INTO "rol_permisos" VALUES (1,2);
INSERT INTO "rol_permisos" VALUES (1,3);
INSERT INTO "rol_permisos" VALUES (1,4);
INSERT INTO "rol_permisos" VALUES (1,5);
INSERT INTO "rol_permisos" VALUES (1,6);
INSERT INTO "rol_permisos" VALUES (1,7);
INSERT INTO "rol_permisos" VALUES (1,8);
INSERT INTO "rol_permisos" VALUES (1,9);
INSERT INTO "rol_permisos" VALUES (1,10);
INSERT INTO "rol_permisos" VALUES (1,11);
INSERT INTO "rol_permisos" VALUES (1,12);
INSERT INTO "rol_permisos" VALUES (1,13);
INSERT INTO "rol_permisos" VALUES (1,14);
INSERT INTO "rol_permisos" VALUES (1,15);
INSERT INTO "rol_permisos" VALUES (1,16);
INSERT INTO "rol_permisos" VALUES (1,17);
INSERT INTO "rol_permisos" VALUES (1,18);
INSERT INTO "rol_permisos" VALUES (1,19);
INSERT INTO "rol_permisos" VALUES (1,20);
INSERT INTO "rol_permisos" VALUES (1,21);
INSERT INTO "rol_permisos" VALUES (1,22);
INSERT INTO "rol_permisos" VALUES (1,23);
INSERT INTO "rol_permisos" VALUES (1,24);
INSERT INTO "rol_permisos" VALUES (1,25);
INSERT INTO "rol_permisos" VALUES (1,26);
INSERT INTO "rol_permisos" VALUES (1,27);
INSERT INTO "rol_permisos" VALUES (1,28);
INSERT INTO "rol_permisos" VALUES (1,29);
INSERT INTO "rol_permisos" VALUES (1,30);
INSERT INTO "rol_permisos" VALUES (1,31);
INSERT INTO "rol_permisos" VALUES (1,32);
INSERT INTO "rol_permisos" VALUES (1,33);
INSERT INTO "rol_permisos" VALUES (1,34);
INSERT INTO "roles" VALUES (1,'Administrador');
INSERT INTO "roles" VALUES (2,'Vendedor');
INSERT INTO "roles" VALUES (3,'Prueba');
INSERT INTO "tasas_de_cambio" VALUES (1,36.5,'2025-11-27','2025-11-27 12:00:00');
INSERT INTO "tasas_de_cambio" VALUES (43,247.41,'2025-12-02','2025-12-02 12:00:00');
INSERT INTO "tasas_de_cambio" VALUES (139,251.89,'2025-12-03','2025-12-03 12:00:00');
INSERT INTO "tasas_de_cambio" VALUES (143,251.89,'2025-12-04','2025-12-04 12:00:00');
INSERT INTO "tasas_de_cambio" VALUES (148,254.87,'2025-12-04','2025-12-04T21:42:18.994Z');
INSERT INTO "tasas_de_cambio" VALUES (151,257.93,'2025-12-07','2025-12-07T21:07:34.849Z');
INSERT INTO "tasas_de_cambio" VALUES (152,257.93,'2025-12-07','2025-12-07T21:07:34.851Z');
INSERT INTO "tasas_de_cambio" VALUES (153,257.93,'2025-12-08','2025-12-08T00:16:13.847Z');
INSERT INTO "usuarios" VALUES (1,1,'Administrador del Sistema','00000000000','$2b$10$U1HWGzPlpcNhkzflVH7BzecMoAciisl2dVtwDz6KiwUBh5hpTTO1W','CURRENT_DATETIME','CURRENT_DATETIME','00000000000','admin');
INSERT INTO "usuarios" VALUES (5,2,'pepe el grillos','12312123123','$2b$10$J.Y39eAXnpq496zATlj9kOhlNaG//NuAP/MBxQ1nPj7fLVV9uY2Iq','CURRENT_DATETIME','CURRENT_DATETIME','12312312312','pepe123');
CREATE INDEX IF NOT EXISTS "idx_tasas_fecha_hora" ON "tasas_de_cambio" (
	"fecha_hora"	DESC
);
COMMIT;
